analysis_scope,graph_family_id,graph_model,graph_m,graph_m_semantics,N,instance,solver_canonical,source_dataset,source_file,solver_raw,K_exact,Edges,Graph_Seed,Unique_strict,Strict_occurrences,Families_complete_linkage,Entropy_strict,MeanPairwiseHamming_strict,zero_yield,chain_break_mean,chain_break_max,Num_Reads,Reads_Per_Call,Budget_Chunks,Embedding_Source,Embedding_Status,family_threshold,bitstring_len,compute_status,unique_match,Unique_strict_recomputed,Strict_occurrences_recomputed,DuplicateRate,ShannonEntropy,NormalizedEntropy,SimpsonESS,ESSFraction,Top1Share,Top5Share,Top10Share,GiniCoefficient,Unique_match,Occurrences_match
main_ba_m2_qabase_N70_150,main_ba_m2,BA,2.0,BA attachment parameter m=2,70,0,BC-OSQA,qa_inhomo_all,qa_inhomo_all_raw_solutions.csv,BC-Offset(s=0.1),31.0,136.0,70042.0,446,921.0,104.0,8.414376566581518,10.791091852672947,False,0.0,,,,,,,7.0,70.0,OK,True,446.0,921.0,0.5157437567861021,5.832401393295652,0.9560813851158236,253.43322378249167,0.5682359277634345,0.017372421281216,0.0597176981541802,0.1053203040173724,0.3727596733906897,True,True
main_ba_m2_qabase_N70_150,main_ba_m2,BA,2.0,BA attachment parameter m=2,70,0,DC-OSQA,qa_inhomo_all,qa_inhomo_all_raw_solutions.csv,DC-Offset(s=0.1),31.0,136.0,70042.0,506,969.0,113.0,8.690794694134734,10.765624388525808,False,0.0,,,,,,,7.0,70.0,OK,True,506.0,969.0,0.47781217750258,6.023999839064825,0.9674719927015512,332.6110520722636,0.6573340950044735,0.0092879256965944,0.0433436532507739,0.0794633642930856,0.3297784684916196,True,True
main_ba_m2_qabase_N70_150,main_ba_m2,BA,2.0,BA attachment parameter m=2,70,0,QA-Base,qa_base_ba_main,qa_base_ba_main_raw_solutions.csv,QA-Base,31.0,136.0,,83,971.0,18.0,4.526001878816069,7.736702909197766,False,0.0,,,,,,,7.0,70.0,OK,True,83.0,971.0,0.9145211122554068,3.1371854415103746,0.7099566877282533,12.014539662312837,0.1447534899073835,0.1936148300720906,0.5417095777548918,0.729145211122554,0.7610834687876118,True,True
main_ba_m2_qabase_N70_150,main_ba_m2,BA,2.0,BA attachment parameter m=2,70,1,BC-OSQA,qa_inhomo_all,qa_inhomo_all_raw_solutions.csv,BC-Offset(s=0.1),29.0,136.0,70043.0,2,2.0,2.0,1.0,8.0,False,0.0142857142857142,,,,,,,7.0,70.0,OK,True,2.0,2.0,0.0,0.6931471805599453,1.0,2.0,1.0,0.5,1.0,1.0,0.0,True,True
main_ba_m2_qabase_N70_150,main_ba_m2,BA,2.0,BA attachment parameter m=2,70,1,DC-OSQA,qa_inhomo_all,qa_inhomo_all_raw_solutions.csv,DC-Offset(s=0.1),29.0,136.0,70043.0,1,1.0,1.0,-0.0,0.0,False,0.0142857142857142,,,,,,,7.0,70.0,OK,True,1.0,1.0,0.0,-0.0,0.0,1.0,1.0,1.0,1.0,1.0,0.0,True,True
main_ba_m2_qabase_N70_150,main_ba_m2,BA,2.0,BA attachment parameter m=2,70,1,QA-Base,qa_base_ba_main,qa_base_ba_main_raw_solutions.csv,QA-Base,29.0,136.0,,0,0.0,0.0,0.0,0.0,True,,,,,,,,,,ZERO_YIELD,True,0.0,0.0,0.0,0.0,0.0,0.0,0.0,0.0,0.0,0.0,0.0,True,True
main_ba_m2_qabase_N70_150,main_ba_m2,BA,2.0,BA attachment parameter m=2,70,2,BC-OSQA,qa_inhomo_all,qa_inhomo_all_raw_solutions.csv,BC-Offset(s=0.1),32.0,136.0,70044.0,755,969.0,213.0,9.426993064956878,12.200481318179426,False,0.0,,,,,,,7.0,70.0,OK,True,755.0,969.0,0.2208462332301342,6.534293664133019,0.9860528109671668,607.7417475728157,0.804955957050087,0.0051599587203302,0.0247678018575851,0.045407636738906,0.1836617254081833,True,True
main_ba_m2_qabase_N70_150,main_ba_m2,BA,2.0,BA attachment parameter m=2,70,2,DC-OSQA,qa_inhomo_all,qa_inhomo_all_raw_solutions.csv,DC-Offset(s=0.1),32.0,136.0,70044.0,870,982.0,249.0,9.696536148632006,12.83084533682526,False,0.0,,,,,,,7.0,70.0,OK,True,870.0,982.0,0.1140529531568228,6.721126692621866,0.9930019108322004,772.695512820513,0.8881557618626587,0.005091649694501,0.0183299389002036,0.0336048879837067,0.10325397382775,True,True
main_ba_m2_qabase_N70_150,main_ba_m2,BA,2.0,BA attachment parameter m=2,70,2,QA-Base,qa_base_ba_main,qa_base_ba_main_raw_solutions.csv,QA-Base,32.0,136.0,,157,406.0,43.0,6.334842147757989,9.292177037399965,False,0.0,,,,,,,7.0,70.0,OK,True,157.0,406.0,0.6133004926108374,4.390977974010758,0.868426524945869,35.880713974749675,0.2285395794570043,0.1157635467980295,0.2906403940886699,0.4014778325123153,0.5155470490414484,True,True
main_ba_m2_qabase_N70_150,main_ba_m2,BA,2.0,BA attachment parameter m=2,70,3,BC-OSQA,qa_inhomo_all,qa_inhomo_all_raw_solutions.csv,BC-Offset(s=0.1),31.0,136.0,70045.0,376,992.0,90.0,7.84213696947341,11.895177304964545,False,0.0,,,,,,,7.0,70.0,OK,True,376.0,992.0,0.6209677419354839,5.4357551299554085,0.9167169931183182,133.74069040500137,0.3556933255452163,0.034274193548387,0.1239919354838709,0.1915322580645161,0.4869380576527111,True,True
main_ba_m2_qabase_N70_150,main_ba_m2,BA,2.0,BA attachment parameter m=2,70,3,DC-OSQA,qa_inhomo_all,qa_inhomo_all_raw_solutions.csv,DC-Offset(s=0.1),31.0,136.0,70045.0,511,996.0,127.0,8.596623765101866,12.173899696865046,False,0.0,,,,,,,7.0,70.0,OK,True,511.0,996.0,0.4869477911646586,5.958725525114978,0.9554798571391826,274.94900221729483,0.5380606697011641,0.0180722891566265,0.0672690763052208,0.110441767068273,0.3673952168753291,True,True
main_ba_m2_qabase_N70_150,main_ba_m2,BA,2.0,BA attachment parameter m=2,70,3,QA-Base,qa_base_ba_main,qa_base_ba_main_raw_solutions.csv,QA-Base,31.0,136.0,,50,890.0,13.0,3.468849958557575,8.303673469387755,False,0.0,,,,,,,7.0,70.0,OK,True,50.0,890.0,0.9438202247191012,2.4044235685596664,0.6146240871343029,6.425523630287003,0.12851047260574,0.2707865168539325,0.7370786516853932,0.8775280898876404,0.813932584269663,True,True
main_ba_m2_qabase_N70_150,main_ba_m2,BA,2.0,BA attachment parameter m=2,70,4,BC-OSQA,qa_inhomo_all,qa_inhomo_all_raw_solutions.csv,BC-Offset(s=0.1),31.0,136.0,70046.0,206,511.0,45.0,7.158412906791535,9.416907411792565,False,0.0,,,,,,,7.0,70.0,OK,True,206.0,511.0,0.5968688845401174,4.961833723626475,0.9312967430986172,100.1614883007288,0.4862208169938291,0.035225048923679,0.1272015655577299,0.2074363992172211,0.4404936066726199,True,True
main_ba_m2_qabase_N70_150,main_ba_m2,BA,2.0,BA attachment parameter m=2,70,4,DC-OSQA,qa_inhomo_all,qa_inhomo_all_raw_solutions.csv,DC-Offset(s=0.1),31.0,136.0,70046.0,230,463.0,51.0,7.5398731614293135,9.303436491361309,False,0.0,,,,,,,7.0,70.0,OK,True,230.0,463.0,0.5032397408207343,5.2262418236243295,0.961045532206331,146.526999316473,0.6370739100716217,0.0237580993520518,0.0971922246220302,0.1576673866090712,0.3353460418818668,True,True
main_ba_m2_qabase_N70_150,main_ba_m2,BA,2.0,BA attachment parameter m=2,70,4,QA-Base,qa_base_ba_main,qa_base_ba_main_raw_solutions.csv,QA-Base,31.0,136.0,,48,383.0,11.0,4.000259034048341,7.453900709219859,False,0.0,,,,,,,7.0,70.0,OK,True,48.0,383.0,0.8746736292428199,2.7727682709600576,0.7162553076286203,8.307696664212493,0.1730770138377602,0.2767624020887728,0.6422976501305483,0.7702349869451697,0.7141536118363796,True,True
main_ba_m2_qabase_N70_150,main_ba_m2,BA,2.0,BA attachment parameter m=2,70,5,BC-OSQA,qa_inhomo_all,qa_inhomo_all_raw_solutions.csv,BC-Offset(s=0.1),32.0,136.0,70047.0,93,571.0,20.0,5.737084804792109,7.520336605890603,False,0.0,,,,,,,7.0,70.0,OK,True,93.0,571.0,0.8371278458844134,3.976644157074954,0.8773429382150124,33.443532670017426,0.3596078781722304,0.0875656742556917,0.3117338003502627,0.4483362521891418,0.5456942168992336,True,True
main_ba_m2_qabase_N70_150,main_ba_m2,BA,2.0,BA attachment parameter m=2,70,5,DC-OSQA,qa_inhomo_all,qa_inhomo_all_raw_solutions.csv,DC-Offset(s=0.1),32.0,136.0,70047.0,116,706.0,22.0,6.205357772237594,7.799700149925038,False,0.0,,,,,,,7.0,70.0,OK,True,116.0,706.0,0.8356940509915014,4.301226244192232,0.904837411571474,53.36573875803,0.4600494720519827,0.046742209631728,0.1983002832861189,0.3328611898016997,0.514506202989157,True,True
main_ba_m2_qabase_N70_150,main_ba_m2,BA,2.0,BA attachment parameter m=2,70,5,QA-Base,qa_base_ba_main,qa_base_ba_main_raw_solutions.csv,QA-Base,32.0,136.0,,13,41.0,3.0,2.8334820460508703,4.512820512820513,False,0.0,,,,,,,7.0,70.0,OK,True,13.0,41.0,0.6829268292682926,1.964020091387385,0.765714958727733,4.435356200527704,0.3411812461944388,0.4146341463414634,0.7560975609756098,0.926829268292683,0.5290806754221389,True,True
main_ba_m2_qabase_N70_150,main_ba_m2,BA,2.0,BA attachment parameter m=2,70,6,BC-OSQA,qa_inhomo_all,qa_inhomo_all_raw_solutions.csv,BC-Offset(s=0.1),33.0,136.0,70048.0,458,947.0,118.0,8.306330853537634,13.318433298615425,False,0.0,,,,,,,7.0,70.0,OK,True,458.0,947.0,0.5163674762407603,5.757509811927696,0.9397148264330226,205.9262916188289,0.4496207240585784,0.0190073917634635,0.0823653643083421,0.1414994720168954,0.4137104992552902,True,True
main_ba_m2_qabase_N70_150,main_ba_m2,BA,2.0,BA attachment parameter m=2,70,6,DC-OSQA,qa_inhomo_all,qa_inhomo_all_raw_solutions.csv,DC-Offset(s=0.1),33.0,136.0,70048.0,561,965.0,145.0,8.75745676726026,12.863228927934813,False,0.0,,,,,,,7.0,70.0,OK,True,561.0,965.0,0.4186528497409326,6.070206467102062,0.9590006506931124,310.5118372790931,0.553497036148116,0.0134715025906735,0.0580310880829015,0.0963730569948186,0.3383742946071504,True,True
main_ba_m2_qabase_N70_150,main_ba_m2,BA,2.0,BA attachment parameter m=2,70,6,QA-Base,qa_base_ba_main,qa_base_ba_main_raw_solutions.csv,QA-Base,33.0,136.0,,161,974.0,41.0,5.751628515579511,11.448757763975154,False,0.0,,,,,,,7.0,70.0,OK,True,161.0,974.0,0.8347022587268994,3.986725089202122,0.7845715087494934,24.41391734005868,0.1516392381370104,0.1252566735112936,0.3655030800821355,0.5092402464065708,0.6958944992156313,True,True
main_ba_m2_qabase_N70_150,main_ba_m2,BA,2.0,BA attachment parameter m=2,70,7,BC-OSQA,qa_inhomo_all,qa_inhomo_all_raw_solutions.csv,BC-Offset(s=0.1),33.0,136.0,70049.0,146,497.0,34.0,6.338451726322922,10.266792631081715,False,0.0,,,,,,,7.0,70.0,OK,True,146.0,497.0,0.7062374245472838,4.393479943216052,0.8815864245942442,46.24770642201835,0.3167651124795777,0.0643863179074446,0.2595573440643863,0.3822937625754527,0.5369063697252006,True,True
main_ba_m2_qabase_N70_150,main_ba_m2,BA,2.0,BA attachment parameter m=2,70,7,DC-OSQA,qa_inhomo_all,qa_inhomo_all_raw_solutions.csv,DC-Offset(s=0.1),33.0,136.0,70049.0,209,624.0,47.0,7.1645479599171935,10.157526683842471,False,0.0,,,,,,,7.0,70.0,OK,True,209.0,624.0,0.6650641025641026,4.966086218403111,0.9295723524930468,97.29535232383807,0.4655280015494645,0.0384615384615384,0.1426282051282051,0.2243589743589743,0.449009324009324,True,True
main_ba_m2_qabase_N70_150,main_ba_m2,BA,2.0,BA attachment parameter m=2,70,7,QA-Base,qa_base_ba_main,qa_base_ba_main_raw_solutions.csv,QA-Base,33.0,136.0,,54,448.0,15.0,3.939488068788991,9.519217330538083,False,0.0,,,,,,,7.0,70.0,OK,True,54.0,448.0,0.8794642857142857,2.7306450477306337,0.6845464950110661,8.323131790661028,0.1541320701974264,0.2522321428571428,0.6540178571428571,0.8080357142857143,0.7524801587301586,True,True
main_ba_m2_qabase_N70_150,main_ba_m2,BA,2.0,BA attachment parameter m=2,70,8,BC-OSQA,qa_inhomo_all,qa_inhomo_all_raw_solutions.csv,BC-Offset(s=0.1),31.0,136.0,70050.0,423,909.0,103.0,8.291946493490805,10.582456612102671,False,0.0,,,,,,,7.0,70.0,OK,True,423.0,909.0,0.5346534653465347,5.747539333317077,0.9504193165474252,229.2041608876561,0.5418538082450498,0.0154015401540154,0.0638063806380638,0.1122112211221122,0.3949368932165085,True,True
main_ba_m2_qabase_N70_150,main_ba_m2,BA,2.0,BA attachment parameter m=2,70,8,DC-OSQA,qa_inhomo_all,qa_inhomo_all_raw_solutions.csv,DC-Offset(s=0.1),31.0,136.0,70050.0,500,919.0,116.0,8.648902704641921,10.91373146292585,False,0.0,,,,,,,7.0,70.0,OK,True,500.0,919.0,0.455930359085963,5.994962524659832,0.9646565687998694,316.4334956912702,0.6328669913825404,0.0108813928182807,0.0457018498367791,0.0816104461371055,0.3367725788900979,True,True
main_ba_m2_qabase_N70_150,main_ba_m2,BA,2.0,BA attachment parameter m=2,70,8,QA-Base,qa_base_ba_main,qa_base_ba_main_raw_solutions.csv,QA-Base,31.0,136.0,,197,945.0,44.0,6.533402469381381,9.051279395006732,False,0.0,,,,,,,7.0,70.0,OK,True,197.0,945.0,0.7915343915343915,4.528609501115088,0.8571710904279,50.20096688965091,0.2548272430946746,0.0656084656084656,0.2402116402116402,0.3555555555555555,0.6118013590094808,True,True
main_ba_m2_qabase_N70_150,main_ba_m2,BA,2.0,BA attachment parameter m=2,70,9,BC-OSQA,qa_inhomo_all,qa_inhomo_all_raw_solutions.csv,BC-Offset(s=0.1),32.0,136.0,70051.0,640,871.0,159.0,9.161115687513558,12.114397496087635,False,0.0,,,,,,,7.0,70.0,OK,True,640.0,871.0,0.2652123995407577,6.3500015095835085,0.9827490186861664,492.94411955815457,0.7702251868096165,0.010332950631458,0.0298507462686567,0.052812858783008,0.2129251578645237,True,True
main_ba_m2_qabase_N70_150,main_ba_m2,BA,2.0,BA attachment parameter m=2,70,9,DC-OSQA,qa_inhomo_all,qa_inhomo_all_raw_solutions.csv,DC-Offset(s=0.1),32.0,136.0,70051.0,619,914.0,152.0,9.04649816364548,11.681499024943664,False,0.0,,,,,,,7.0,70.0,OK,True,619.0,914.0,0.3227571115973742,6.270554696071587,0.9754903552556148,427.5312180143296,0.6906804814447974,0.0098468271334792,0.0415754923413566,0.0711159737417943,0.2582233644298173,True,True
main_ba_m2_qabase_N70_150,main_ba_m2,BA,2.0,BA attachment parameter m=2,70,9,QA-Base,qa_base_ba_main,qa_base_ba_main_raw_solutions.csv,QA-Base,32.0,136.0,,508,967.0,123.0,8.612843751973596,12.63919302986535,False,0.0,,,,,,,7.0,70.0,OK,True,508.0,967.0,0.4746639089968976,5.969968363283838,0.9581873268564352,288.1630200308166,0.5672500394307414,0.0175801447776628,0.0558428128231644,0.0961737331954498,0.3589008134582969,True,True
main_ba_m2_qabase_N70_150,main_ba_m2,BA,2.0,BA attachment parameter m=2,70,10,BC-OSQA,qa_inhomo_all,qa_inhomo_all_raw_solutions.csv,BC-Offset(s=0.1),31.0,136.0,70052.0,658,991.0,153.0,9.164203085761562,11.006046642887211,False,0.0,,,,,,,7.0,70.0,OK,True,658.0,991.0,0.3360242179616549,6.352141530974377,0.9788782444380368,488.3545499751367,0.7421801671354661,0.0060544904137235,0.0292633703329969,0.0544904137235116,0.254747131478136,True,True
main_ba_m2_qabase_N70_150,main_ba_m2,BA,2.0,BA attachment parameter m=2,70,10,DC-OSQA,qa_inhomo_all,qa_inhomo_all_raw_solutions.csv,DC-Offset(s=0.1),31.0,136.0,70052.0,806,998.0,196.0,9.550709219215255,11.457713114375103,False,0.0,,,,,,,7.0,70.0,OK,True,806.0,998.0,0.1923847695390781,6.620047167646931,0.9892355538825468,683.1303155006859,0.8475562227055656,0.0040080160320641,0.0200400801603206,0.0350701402805611,0.1599501732994523,True,True
main_ba_m2_qabase_N70_150,main_ba_m2,BA,2.0,BA attachment parameter m=2,70,10,QA-Base,qa_base_ba_main,qa_base_ba_main_raw_solutions.csv,QA-Base,31.0,136.0,,81,982.0,16.0,3.44600194437429,7.606172839506172,False,0.0,,,,,,,7.0,70.0,OK,True,81.0,982.0,0.9175152749490836,2.3885865319471296,0.5435462893927087,4.125414969711489,0.0509310490087838,0.4694501018329939,0.7362525458248472,0.840122199592668,0.8355837167785571,True,True
main_ba_m2_qabase_N70_150,main_ba_m2,BA,2.0,BA attachment parameter m=2,70,11,BC-OSQA,qa_inhomo_all,qa_inhomo_all_raw_solutions.csv,BC-Offset(s=0.1),26.0,136.0,70053.0,35,994.0,7.0,3.0485962618278672,7.1798319327731095,False,0.0,,,,,,,7.0,70.0,OK,True,35.0,994.0,0.9647887323943662,2.1131259035515755,0.5943513453550144,5.745531093355663,0.1641580312387332,0.3078470824949698,0.8078470824949698,0.9557344064386318,0.8158091405576315,True,True
main_ba_m2_qabase_N70_150,main_ba_m2,BA,2.0,BA attachment parameter m=2,70,11,DC-OSQA,qa_inhomo_all,qa_inhomo_all_raw_solutions.csv,DC-Offset(s=0.1),26.0,136.0,70053.0,39,993.0,7.0,3.484765461521926,7.336032388663966,False,0.0,,,,,,,7.0,70.0,OK,True,39.0,993.0,0.9607250755287008,2.415455354566601,0.6593188781519204,7.427808453420314,0.1904566270107772,0.2598187311178248,0.716012084592145,0.9093655589123868,0.7796627675781755,True,True
main_ba_m2_qabase_N70_150,main_ba_m2,BA,2.0,BA attachment parameter m=2,70,11,QA-Base,qa_base_ba_main,qa_base_ba_main_raw_solutions.csv,QA-Base,26.0,136.0,,8,996.0,3.0,1.322860048563716,4.857142857142856,False,0.0,,,,,,,7.0,70.0,OK,True,8.0,996.0,0.9919678714859438,0.916936712937332,0.4409533495212386,1.9229588276343328,0.2403698534542916,0.6837349397590361,0.9949799196787148,1.0,0.7580321285140563,True,True
main_ba_m2_qabase_N70_150,main_ba_m2,BA,2.0,BA attachment parameter m=2,70,12,BC-OSQA,qa_inhomo_all,qa_inhomo_all_raw_solutions.csv,BC-Offset(s=0.1),32.0,136.0,70054.0,503,986.0,127.0,8.414907507459572,10.431958052481924,False,0.0,,,,,,,7.0,70.0,OK,True,503.0,986.0,0.4898580121703854,5.83276941346832,0.9376553114693936,212.82749562171628,0.4231162934825373,0.0192697768762677,0.0821501014198783,0.140973630831643,0.4079176059263083,True,True
main_ba_m2_qabase_N70_150,main_ba_m2,BA,2.0,BA attachment parameter m=2,70,12,DC-OSQA,qa_inhomo_all,qa_inhomo_all_raw_solutions.csv,DC-Offset(s=0.1),32.0,136.0,70054.0,597,988.0,163.0,8.884536338615835,11.234640765347988,False,0.0,,,,,,,7.0,70.0,OK,True,597.0,988.0,0.395748987854251,6.158291313693946,0.9634498076939774,349.1216022889843,0.5847933036666404,0.0131578947368421,0.0516194331983805,0.0880566801619433,0.3198482289992472,True,True
main_ba_m2_qabase_N70_150,main_ba_m2,BA,2.0,BA attachment parameter m=2,70,12,QA-Base,qa_base_ba_main,qa_base_ba_main_raw_solutions.csv,QA-Base,32.0,136.0,,156,991.0,36.0,5.9797265686552485,8.13614557485525,False,0.0,,,,,,,7.0,70.0,OK,True,156.0,991.0,0.8425832492431887,4.1448306115827815,0.8207819402439381,32.42154435310819,0.2078304125199243,0.1029263370332997,0.3087790110998991,0.4540867810292633,0.6606962663975782,True,True
main_ba_m2_qabase_N70_150,main_ba_m2,BA,2.0,BA attachment parameter m=2,70,13,BC-OSQA,qa_inhomo_all,qa_inhomo_all_raw_solutions.csv,BC-Offset(s=0.1),33.0,136.0,70055.0,358,864.0,79.0,8.05283860503629,9.897939063893713,False,0.0,,,,,,,7.0,70.0,OK,True,358.0,864.0,0.5856481481481481,5.581802374585188,0.949200078886326,199.3846153846154,0.5569402664374732,0.0162037037037037,0.0706018518518518,0.125,0.4072069625491412,True,True
main_ba_m2_qabase_N70_150,main_ba_m2,BA,2.0,BA attachment parameter m=2,70,13,DC-OSQA,qa_inhomo_all,qa_inhomo_all_raw_solutions.csv,DC-Offset(s=0.1),33.0,136.0,70055.0,460,945.0,102.0,8.545482227012357,10.512683527517286,False,0.0,,,,,,,7.0,70.0,OK,True,460.0,945.0,0.5132275132275133,5.9232769121787365,0.9660835270624728,298.57071213640927,0.6490667655139332,0.0148148148148148,0.0518518518518518,0.0878306878306878,0.3379273061881755,True,True
main_ba_m2_qabase_N70_150,main_ba_m2,BA,2.0,BA attachment parameter m=2,70,13,QA-Base,qa_base_ba_main,qa_base_ba_main_raw_solutions.csv,QA-Base,33.0,136.0,,110,401.0,25.0,5.919293221583975,9.211342785654717,False,0.0,,,,,,,7.0,70.0,OK,True,110.0,401.0,0.7256857855361596,4.10294140744853,0.8728770440799083,40.67821907412093,0.3698019915829175,0.0498753117206982,0.2319201995012468,0.4089775561097257,0.5618000453411924,True,True
main_ba_m2_qabase_N70_150,main_ba_m2,BA,2.0,BA attachment parameter m=2,70,14,BC-OSQA,qa_inhomo_all,qa_inhomo_all_raw_solutions.csv,BC-Offset(s=0.1),29.0,136.0,70056.0,115,958.0,23.0,6.048729089189841,8.042105263157895,False,0.0,,,,,,,7.0,70.0,OK,True,115.0,958.0,0.8799582463465553,4.192659514142866,0.8836079001174483,45.38892185954501,0.3946862770395218,0.0542797494780793,0.2296450939457202,0.3851774530271398,0.5601161840791504,True,True
main_ba_m2_qabase_N70_150,main_ba_m2,BA,2.0,BA attachment parameter m=2,70,14,DC-OSQA,qa_inhomo_all,qa_inhomo_all_raw_solutions.csv,DC-Offset(s=0.1),29.0,136.0,70056.0,135,973.0,24.0,6.565008530026285,8.220232172470979,False,0.0,,,,,,,7.0,70.0,OK,True,135.0,973.0,0.8612538540596094,4.55051715293971,0.927678337805236,73.60094845681412,0.5451922107912157,0.0369989722507708,0.144912641315519,0.2517985611510791,0.4632941266034791,True,True
main_ba_m2_qabase_N70_150,main_ba_m2,BA,2.0,BA attachment parameter m=2,70,14,QA-Base,qa_base_ba_main,qa_base_ba_main_raw_solutions.csv,QA-Base,29.0,136.0,,18,986.0,4.0,2.4748750724877664,5.019607843137256,False,0.0,,,,,,,7.0,70.0,OK,True,18.0,986.0,0.9817444219066938,1.7154526787329856,0.5935058955812744,4.126994099418432,0.2292774499676907,0.3630831643002028,0.9168356997971604,0.9817444219066938,0.7610998422357449,True,True
main_ba_m2_qabase_N70_150,main_ba_m2,BA,2.0,BA attachment parameter m=2,70,15,BC-OSQA,qa_inhomo_all,qa_inhomo_all_raw_solutions.csv,BC-Offset(s=0.1),32.0,136.0,70057.0,646,991.0,178.0,9.028523226586769,14.052146782825735,False,0.0,,,,,,,7.0,70.0,OK,True,646.0,991.0,0.3481331987891018,6.258095419128599,0.9671286238231206,368.23434570678666,0.5700222069764499,0.0181634712411705,0.0565085771947527,0.0968718466195761,0.2839815303677369,True,True
main_ba_m2_qabase_N70_150,main_ba_m2,BA,2.0,BA attachment parameter m=2,70,15,DC-OSQA,qa_inhomo_all,qa_inhomo_all_raw_solutions.csv,DC-Offset(s=0.1),32.0,136.0,70057.0,751,982.0,200.0,9.393526914075307,13.383485130936526,False,0.0,,,,,,,7.0,70.0,OK,True,751.0,982.0,0.235234215885947,6.511096696005263,0.9833405531151104,574.002380952381,0.7643174180457804,0.0071283095723014,0.0295315682281059,0.0519348268839103,0.197930254568925,True,True
main_ba_m2_qabase_N70_150,main_ba_m2,BA,2.0,BA attachment parameter m=2,70,15,QA-Base,qa_base_ba_main,qa_base_ba_main_raw_solutions.csv,QA-Base,32.0,136.0,,240,982.0,65.0,6.572481835212797,10.98647140864714,False,0.0,,,,,,,7.0,70.0,OK,True,240.0,982.0,0.7556008146639511,4.555697253359207,0.8312347003843902,37.97448216114043,0.1582270090047517,0.1059063136456211,0.285132382892057,0.3930753564154786,0.6232773251866939,True,True
main_ba_m2_qabase_N70_150,main_ba_m2,BA,2.0,BA attachment parameter m=2,70,16,BC-OSQA,qa_inhomo_all,qa_inhomo_all_raw_solutions.csv,BC-Offset(s=0.1),33.0,136.0,70058.0,332,978.0,69.0,7.884919738366514,10.525970953299602,False,0.0142426850258174,,,,,,,7.0,70.0,OK,True,332.0,978.0,0.6605316973415133,5.465409885590211,0.9414785211463076,176.08321060382914,0.5303711162765938,0.0184049079754601,0.0797546012269938,0.1359918200408998,0.4417116318032867,True,True
main_ba_m2_qabase_N70_150,main_ba_m2,BA,2.0,BA attachment parameter m=2,70,16,DC-OSQA,qa_inhomo_all,qa_inhomo_all_raw_solutions.csv,DC-Offset(s=0.1),33.0,136.0,70058.0,434,994.0,94.0,8.377085499327187,10.852353636083054,False,0.0142198815009874,,,,,,,7.0,70.0,OK,True,434.0,994.0,0.5633802816901409,5.806553195168241,0.956118988188576,252.1786625829505,0.5810568262279965,0.0140845070422535,0.0603621730382293,0.1036217303822937,0.3817652458529983,True,True
main_ba_m2_qabase_N70_150,main_ba_m2,BA,2.0,BA attachment parameter m=2,70,16,QA-Base,qa_base_ba_main,qa_base_ba_main_raw_solutions.csv,QA-Base,33.0,136.0,,98,873.0,24.0,4.58735197986744,8.61603197980223,False,0.0142857142857142,,,,,,,7.0,70.0,OK,True,98.0,873.0,0.8877434135166093,3.1797100910811986,0.6935076651848285,10.41515544926546,0.1062770964210761,0.2416953035509736,0.5601374570446735,0.709049255441008,0.7627580241718681,True,True
main_ba_m2_qabase_N70_150,main_ba_m2,BA,2.0,BA attachment parameter m=2,70,17,BC-OSQA,qa_inhomo_all,qa_inhomo_all_raw_solutions.csv,BC-Offset(s=0.1),29.0,136.0,70059.0,49,105.0,10.0,5.080637000157588,6.659863945578232,False,0.0142857142857142,,,,,,,7.0,70.0,OK,True,49.0,105.0,0.5333333333333333,3.5216292121077712,0.9048797072715374,22.731958762886595,0.4639175257731958,0.1238095238095238,0.3714285714285714,0.5238095238095238,0.4206025267249758,True,True
main_ba_m2_qabase_N70_150,main_ba_m2,BA,2.0,BA attachment parameter m=2,70,17,DC-OSQA,qa_inhomo_all,qa_inhomo_all_raw_solutions.csv,DC-Offset(s=0.1),29.0,136.0,70059.0,73,165.0,18.0,5.79574068445519,7.178082191780821,False,0.0142857142857142,,,,,,,7.0,70.0,OK,True,73.0,165.0,0.5575757575757576,4.017301314686682,0.9363335954555498,42.6056338028169,0.5836388192166699,0.0606060606060606,0.2363636363636363,0.3757575757575757,0.3885429638854296,True,True
main_ba_m2_qabase_N70_150,main_ba_m2,BA,2.0,BA attachment parameter m=2,70,17,QA-Base,qa_base_ba_main,qa_base_ba_main_raw_solutions.csv,QA-Base,29.0,136.0,,16,30.0,5.0,3.719902579793958,5.9,False,0.0142857142857142,,,,,,,7.0,70.0,OK,True,16.0,30.0,0.4666666666666667,2.5784399851418494,0.9299756449484896,10.975609756097562,0.6859756097560976,0.1666666666666666,0.5666666666666667,0.8,0.3249999999999999,True,True
main_ba_m2_qabase_N70_150,main_ba_m2,BA,2.0,BA attachment parameter m=2,70,18,BC-OSQA,qa_inhomo_all,qa_inhomo_all_raw_solutions.csv,BC-Offset(s=0.1),32.0,136.0,70060.0,299,964.0,70.0,7.625991344036418,10.151960674283403,False,0.0,,,,,,,7.0,70.0,OK,True,299.0,964.0,0.6898340248962656,5.285934399093391,0.9272847509214548,139.9542168674699,0.4680743039045816,0.0207468879668049,0.0902489626556016,0.1628630705394191,0.4822020844030585,True,True
main_ba_m2_qabase_N70_150,main_ba_m2,BA,2.0,BA attachment parameter m=2,70,18,DC-OSQA,qa_inhomo_all,qa_inhomo_all_raw_solutions.csv,DC-Offset(s=0.1),32.0,136.0,70060.0,471,990.0,103.0,8.503030886103392,11.202168315489905,False,0.0,,,,,,,7.0,70.0,OK,True,471.0,990.0,0.5242424242424242,5.8938518849167,0.9575934643637908,271.9478357380688,0.5773839399958999,0.0121212121212121,0.0585858585858585,0.105050505050505,0.3701044414420211,True,True
main_ba_m2_qabase_N70_150,main_ba_m2,BA,2.0,BA attachment parameter m=2,70,18,QA-Base,qa_base_ba_main,qa_base_ba_main_raw_solutions.csv,QA-Base,32.0,136.0,,112,709.0,24.0,5.825964236895452,7.673745173745174,False,0.0,,,,,,,7.0,70.0,OK,True,112.0,709.0,0.842031029619182,4.038250684847156,0.855833771501734,32.130457015020774,0.2868790804912569,0.1086036671368124,0.3032440056417489,0.4414668547249647,0.5927740278057627,True,True
main_ba_m2_qabase_N70_150,main_ba_m2,BA,2.0,BA attachment parameter m=2,70,19,BC-OSQA,qa_inhomo_all,qa_inhomo_all_raw_solutions.csv,BC-Offset(s=0.1),31.0,136.0,70061.0,293,820.0,57.0,7.860826234623754,8.796951704146991,False,0.0,,,,,,,7.0,70.0,OK,True,293.0,820.0,0.6426829268292683,5.448709541401106,0.95925069825369,188.5586090858104,0.6435447409072027,0.0182926829268292,0.0682926829268292,0.1182926829268292,0.3708482477316239,True,True
main_ba_m2_qabase_N70_150,main_ba_m2,BA,2.0,BA attachment parameter m=2,70,19,DC-OSQA,qa_inhomo_all,qa_inhomo_all_raw_solutions.csv,DC-Offset(s=0.1),31.0,136.0,70061.0,314,842.0,60.0,8.017380129034155,8.750819071650964,False,0.0,,,,,,,7.0,70.0,OK,True,314.0,842.0,0.6270783847980997,5.557224431917355,0.9665758534054112,221.27465667915104,0.7046963588507995,0.01187648456057,0.0463182897862232,0.0878859857482185,0.3430639817238301,True,True
main_ba_m2_qabase_N70_150,main_ba_m2,BA,2.0,BA attachment parameter m=2,70,19,QA-Base,qa_base_ba_main,qa_base_ba_main_raw_solutions.csv,QA-Base,31.0,136.0,,54,703.0,13.0,3.753945373704212,6.981132075471699,False,0.0,,,,,,,7.0,70.0,OK,True,54.0,703.0,0.9231863442389758,2.602036651759125,0.6523056049823683,7.591419486643835,0.1405818423452562,0.2261735419630156,0.7112375533428165,0.8278805120910384,0.7829144934408092,True,True
main_ba_m2_qabase_N70_150,main_ba_m2,BA,2.0,BA attachment parameter m=2,80,0,BC-OSQA,qa_inhomo_all,qa_inhomo_all_raw_solutions.csv,BC-Offset(s=0.1),38.0,156.0,80042.0,101,968.0,15.0,4.811752168583002,8.62891089108911,False,0.0014851485148514,,,,,,,8.0,80.0,OK,True,101.0,968.0,0.8956611570247934,3.335252449206509,0.7226793833521092,12.999417330262752,0.1287071022798292,0.1725206611570248,0.5475206611570248,0.643595041322314,0.7397307912609443,True,True
main_ba_m2_qabase_N70_150,main_ba_m2,BA,2.0,BA attachment parameter m=2,80,0,QA-Base,qa_base_ba_main,qa_base_ba_main_raw_solutions.csv,QA-Base,38.0,156.0,,42,897.0,7.0,3.4218991977973685,7.389082462253194,False,0.0020833333333333,,,,,,,8.0,80.0,OK,True,42.0,897.0,0.9531772575250836,2.3718797811135843,0.6345878644573562,6.344346057103208,0.1510558585024573,0.3110367892976589,0.7469342251950948,0.8929765886287625,0.7951637734246431,True,True
main_ba_m2_qabase_N70_150,main_ba_m2,BA,2.0,BA attachment parameter m=2,80,1,BC-OSQA,qa_inhomo_all,qa_inhomo_all_raw_solutions.csv,BC-Offset(s=0.1),31.0,156.0,80043.0,108,982.0,12.0,5.583130709611519,7.409484250605746,False,0.0,,,,,,,8.0,80.0,OK,True,108.0,982.0,0.890020366598778,3.8699313100648713,0.8265320048369927,26.978625783348253,0.2498020905865579,0.1221995926680244,0.3340122199592668,0.4949083503054989,0.6459983404993588,True,True
main_ba_m2_qabase_N70_150,main_ba_m2,BA,2.0,BA attachment parameter m=2,80,1,QA-Base,qa_base_ba_main,qa_base_ba_main_raw_solutions.csv,QA-Base,31.0,156.0,,68,993.0,8.0,4.19696666710303,6.814749780509219,False,0.0,,,,,,,8.0,80.0,OK,True,68.0,993.0,0.9315206445115812,2.909115612206537,0.6894443180274086,8.967098023880762,0.1318690885864818,0.2749244712990936,0.6032225579053374,0.7603222557905337,0.7668532669865529,True,True
main_ba_m2_qabase_N70_150,main_ba_m2,BA,2.0,BA attachment parameter m=2,80,2,BC-OSQA,qa_inhomo_all,qa_inhomo_all_raw_solutions.csv,BC-Offset(s=0.1),35.0,156.0,80044.0,25,613.0,3.0,3.59117453765503,7.68,False,0.0,,,,,,,8.0,80.0,OK,True,25.0,613.0,0.9592169657422512,2.48921250567425,0.7733173446590387,9.565203003690977,0.382608120147639,0.1533442088091354,0.6394779771615008,0.9070146818923328,0.6247308319738989,True,True
main_ba_m2_qabase_N70_150,main_ba_m2,BA,2.0,BA attachment parameter m=2,80,2,QA-Base,qa_base_ba_main,qa_base_ba_main_raw_solutions.csv,QA-Base,35.0,156.0,,18,597.0,2.0,3.1479920708420472,7.830065359477125,False,0.0,,,,,,,8.0,80.0,OK,True,18.0,597.0,0.9698492462311558,2.182021828329228,0.7549277432455511,7.067540502488647,0.3926411390271471,0.2177554438860971,0.7721943048576214,0.9631490787269682,0.6287921086916062,True,True
main_ba_m2_qabase_N70_150,main_ba_m2,BA,2.0,BA attachment parameter m=2,80,3,BC-OSQA,qa_inhomo_all,qa_inhomo_all_raw_solutions.csv,BC-Offset(s=0.1),35.0,156.0,80045.0,240,990.0,34.0,7.124273612845001,9.697559274755926,False,0.0,,,,,,,8.0,80.0,OK,True,240.0,990.0,0.7575757575757576,4.938170168281127,0.901020891423718,84.82776527609485,0.3534490219837286,0.0434343434343434,0.1626262626262626,0.2494949494949495,0.5341329966329966,True,True
main_ba_m2_qabase_N70_150,main_ba_m2,BA,2.0,BA attachment parameter m=2,80,3,QA-Base,qa_base_ba_main,qa_base_ba_main_raw_solutions.csv,QA-Base,35.0,156.0,,115,945.0,16.0,5.392346129815922,8.979405034324943,False,0.0,,,,,,,8.0,80.0,OK,True,115.0,945.0,0.8783068783068784,3.737689516485239,0.7877224405683003,22.975250199387688,0.1997847843425016,0.1111111111111111,0.3904761904761905,0.5544973544973545,0.6995721187025534,True,True
main_ba_m2_qabase_N70_150,main_ba_m2,BA,2.0,BA attachment parameter m=2,80,4,BC-OSQA,qa_inhomo_all,qa_inhomo_all_raw_solutions.csv,BC-Offset(s=0.1),36.0,156.0,80046.0,25,27.0,9.0,4.606739354015321,9.72,False,0.0125,,,,,,,8.0,80.0,OK,True,25.0,27.0,0.074074074074074,3.193148394810263,0.9920073244642822,23.516129032258068,0.9406451612903228,0.074074074074074,0.2592592592592592,0.4444444444444444,0.068148148148148,True,True
main_ba_m2_qabase_N70_150,main_ba_m2,BA,2.0,BA attachment parameter m=2,80,4,QA-Base,qa_base_ba_main,qa_base_ba_main_raw_solutions.csv,QA-Base,36.0,156.0,,9,11.0,2.0,3.0271691184406184,6.222222222222222,False,0.0125,,,,,,,8.0,80.0,OK,True,9.0,11.0,0.1818181818181817,2.0982737395252498,0.9549655329584326,7.117647058823529,0.7908496732026143,0.2727272727272727,0.6363636363636364,1.0,0.1616161616161615,True,True
main_ba_m2_qabase_N70_150,main_ba_m2,BA,2.0,BA attachment parameter m=2,80,5,BC-OSQA,qa_inhomo_all,qa_inhomo_all_raw_solutions.csv,BC-Offset(s=0.1),38.0,156.0,80047.0,601,818.0,119.0,9.057724297678009,13.621785912368276,False,0.0,,,,,,,8.0,80.0,OK,True,601.0,818.0,0.265281173594132,6.27833605922482,0.9812054245438616,454.56793478260863,0.7563526369094986,0.0073349633251833,0.0330073349633251,0.0599022004889975,0.2179130951267041,True,True
main_ba_m2_qabase_N70_150,main_ba_m2,BA,2.0,BA attachment parameter m=2,80,5,QA-Base,qa_base_ba_main,qa_base_ba_main_raw_solutions.csv,QA-Base,38.0,156.0,,205,907.0,39.0,6.238334070683258,13.93323768531803,False,0.0,,,,,,,8.0,80.0,OK,True,205.0,907.0,0.7739801543550165,4.324083672485148,0.8123380736522781,32.475978050609925,0.1584194051249264,0.0926130099228225,0.3318632855567806,0.454244762954796,0.6488611611584694,True,True
main_ba_m2_qabase_N70_150,main_ba_m2,BA,2.0,BA attachment parameter m=2,80,6,BC-OSQA,qa_inhomo_all,qa_inhomo_all_raw_solutions.csv,BC-Offset(s=0.1),36.0,156.0,80048.0,425,974.0,77.0,8.044934681021385,14.041975582685904,False,0.0005735294117647,,,,,,,8.0,80.0,OK,True,425.0,974.0,0.5636550308008214,5.576323791938896,0.9213882407039824,154.20611183355007,0.3628379101965884,0.0297741273100616,0.1067761806981519,0.1765913757700205,0.4622538953979949,True,True
main_ba_m2_qabase_N70_150,main_ba_m2,BA,2.0,BA attachment parameter m=2,80,6,QA-Base,qa_base_ba_main,qa_base_ba_main_raw_solutions.csv,QA-Base,36.0,156.0,,212,973.0,37.0,6.381783487804047,13.422963426629709,False,0.0007370283018867,,,,,,,8.0,80.0,OK,True,212.0,973.0,0.7821171634121274,4.423515231515388,0.8258086409307844,39.23289544569227,0.1850608275740201,0.0873586844809866,0.2846865364850976,0.4285714285714285,0.6450338381585836,True,True
main_ba_m2_qabase_N70_150,main_ba_m2,BA,2.0,BA attachment parameter m=2,80,7,BC-OSQA,qa_inhomo_all,qa_inhomo_all_raw_solutions.csv,BC-Offset(s=0.1),37.0,156.0,80049.0,274,828.0,38.0,7.422725206844831,9.486537793107138,False,0.0,,,,,,,8.0,80.0,OK,True,274.0,828.0,0.6690821256038647,5.145041049195731,0.9166085205396204,103.90785086389816,0.3792257330799203,0.0446859903381642,0.1400966183574879,0.2185990338164251,0.4876229768327516,True,True
main_ba_m2_qabase_N70_150,main_ba_m2,BA,2.0,BA attachment parameter m=2,80,7,QA-Base,qa_base_ba_main,qa_base_ba_main_raw_solutions.csv,QA-Base,37.0,156.0,,6,6.0,1.0,2.584962500721156,5.333333333333333,False,0.0,,,,,,,8.0,80.0,OK,True,6.0,6.0,0.0,1.7917594692280547,1.0,5.999999999999999,1.0,0.1666666666666666,0.8333333333333334,1.0,0.0,True,True
main_ba_m2_qabase_N70_150,main_ba_m2,BA,2.0,BA attachment parameter m=2,80,8,BC-OSQA,qa_inhomo_all,qa_inhomo_all_raw_solutions.csv,BC-Offset(s=0.1),32.0,156.0,80050.0,31,847.0,3.0,3.7609240892601945,6.159139784946236,False,0.0,,,,,,,8.0,80.0,OK,True,31.0,847.0,0.9634002361275088,2.6068739287706846,0.7591390921217862,9.078023966492465,0.2928394827900795,0.2030696576151121,0.667060212514758,0.8311688311688312,0.6650417031648703,True,True
main_ba_m2_qabase_N70_150,main_ba_m2,BA,2.0,BA attachment parameter m=2,80,8,QA-Base,qa_base_ba_main,qa_base_ba_main_raw_solutions.csv,QA-Base,32.0,156.0,,13,938.0,2.0,2.404632244867937,4.461538461538462,False,0.0,,,,,,,8.0,80.0,OK,True,13.0,938.0,0.9861407249466952,1.6667640608137422,0.649823379929534,3.9129916567342087,0.3009993582103237,0.4285714285714285,0.917910447761194,0.9968017057569296,0.6923076923076923,True,True
main_ba_m2_qabase_N70_150,main_ba_m2,BA,2.0,BA attachment parameter m=2,80,9,BC-OSQA,qa_inhomo_all,qa_inhomo_all_raw_solutions.csv,BC-Offset(s=0.1),32.0,156.0,80051.0,97,944.0,10.0,5.688208147388345,8.042096219931272,False,0.0,,,,,,,8.0,80.0,OK,True,97.0,944.0,0.8972457627118644,3.942765439800341,0.8618611008055895,34.500038714672854,0.3556705022131222,0.0741525423728813,0.2754237288135593,0.4555084745762712,0.5937226978857244,True,True
main_ba_m2_qabase_N70_150,main_ba_m2,BA,2.0,BA attachment parameter m=2,80,9,QA-Base,qa_base_ba_main,qa_base_ba_main_raw_solutions.csv,QA-Base,32.0,156.0,,31,886.0,4.0,2.5752325247954486,6.219354838709678,False,0.0,,,,,,,8.0,80.0,OK,True,31.0,886.0,0.9650112866817157,1.7850151638482352,0.5198083328664763,3.027552799247156,0.0976629935241018,0.5507900677200903,0.8521444695259593,0.9345372460496614,0.8223986019078133,True,True
main_ba_m2_qabase_N70_150,main_ba_m2,BA,2.0,BA attachment parameter m=2,80,10,BC-OSQA,qa_inhomo_all,qa_inhomo_all_raw_solutions.csv,BC-Offset(s=0.1),37.0,156.0,80052.0,869,989.0,223.0,9.681284774420444,15.610463852195169,False,0.0,,,,,,,8.0,80.0,OK,True,869.0,989.0,0.1213346814964611,6.710555245587456,0.9916085413984812,749.5180076628353,0.8625063379319163,0.006066734074823,0.0222446916076845,0.0374115267947421,0.1109418796636418,True,True
main_ba_m2_qabase_N70_150,main_ba_m2,BA,2.0,BA attachment parameter m=2,80,10,DC-OSQA,qa_inhomo_all,qa_inhomo_all_raw_solutions.csv,DC-Offset(s=0.1),37.0,156.0,80052.0,954,990.0,282.0,9.876269904354354,16.449939614722133,False,0.0,,,,,,,8.0,80.0,OK,True,954.0,990.0,0.0363636363636363,6.845708638652262,0.997820176951938,917.696629213483,0.9619461522153908,0.003030303030303,0.0131313131313131,0.0232323232323232,0.035201067276539,True,True
main_ba_m2_qabase_N70_150,main_ba_m2,BA,2.0,BA attachment parameter m=2,80,10,QA-Base,qa_base_ba_main,qa_base_ba_main_raw_solutions.csv,QA-Base,37.0,156.0,,301,993.0,54.0,7.225778233487511,10.235127353266888,False,0.0,,,,,,,8.0,80.0,OK,True,301.0,993.0,0.6968781470292045,5.008527809893291,0.877594365195549,80.48722553260956,0.2673994203741181,0.0433031218529708,0.1802618328298086,0.269889224572004,0.5709267195953067,True,True
main_ba_m2_qabase_N70_150,main_ba_m2,BA,2.0,BA attachment parameter m=2,80,11,BC-OSQA,qa_inhomo_all,qa_inhomo_all_raw_solutions.csv,BC-Offset(s=0.1),37.0,156.0,80053.0,744,989.0,144.0,9.371981599579575,13.086679980896973,False,0.0,,,,,,,8.0,80.0,OK,True,744.0,989.0,0.2477249747219413,6.496162622008269,0.9824746379802606,565.0612362796071,0.7594909089779666,0.006066734074823,0.0283114256825075,0.0515672396359959,0.207352109766572,True,True
main_ba_m2_qabase_N70_150,main_ba_m2,BA,2.0,BA attachment parameter m=2,80,11,DC-OSQA,qa_inhomo_all,qa_inhomo_all_raw_solutions.csv,DC-Offset(s=0.1),37.0,156.0,80053.0,857,984.0,175.0,9.66110482906086,14.182281159009364,False,0.0,,,,,,,8.0,80.0,OK,True,857.0,984.0,0.1290650406504064,6.696567573357607,0.9915790526357602,741.3905053598771,0.8650997728820037,0.0050813008130081,0.0213414634146341,0.0365853658536585,0.116278187285957,True,True
main_ba_m2_qabase_N70_150,main_ba_m2,BA,2.0,BA attachment parameter m=2,80,11,QA-Base,qa_base_ba_main,qa_base_ba_main_raw_solutions.csv,QA-Base,37.0,156.0,,315,777.0,52.0,7.4206455804431455,10.547366292589222,False,0.0,,,,,,,8.0,80.0,OK,True,315.0,777.0,0.5945945945945945,5.143599562018785,0.8941390026617435,85.55037551367438,0.2715884936942044,0.0463320463320463,0.175032175032175,0.2676962676962677,0.5037609037609039,True,True
main_ba_m2_qabase_N70_150,main_ba_m2,BA,2.0,BA attachment parameter m=2,80,12,BC-OSQA,qa_inhomo_all,qa_inhomo_all_raw_solutions.csv,BC-Offset(s=0.1),35.0,156.0,80054.0,444,957.0,84.0,8.166721617885393,11.514916722591666,False,0.0,,,,,,,8.0,80.0,OK,True,444.0,957.0,0.5360501567398119,5.660740063855217,0.928625816881546,164.04245029554002,0.3694649781431081,0.0313479623824451,0.1118077324973876,0.1671891327063741,0.4363179794214276,True,True
main_ba_m2_qabase_N70_150,main_ba_m2,BA,2.0,BA attachment parameter m=2,80,12,DC-OSQA,qa_inhomo_all,qa_inhomo_all_raw_solutions.csv,DC-Offset(s=0.1),35.0,156.0,80054.0,665,989.0,129.0,9.07377391755261,12.392725790379563,False,0.0,,,,,,,8.0,80.0,OK,True,665.0,989.0,0.3276036400404448,6.289460807989961,0.9676410578761562,385.2386766443481,0.5793062806681927,0.0141557128412537,0.0556117290192113,0.0930232558139534,0.2767221390179188,True,True
main_ba_m2_qabase_N70_150,main_ba_m2,BA,2.0,BA attachment parameter m=2,80,12,QA-Base,qa_base_ba_main,qa_base_ba_main_raw_solutions.csv,QA-Base,35.0,156.0,,535,978.0,88.0,8.655057638090472,12.30243970737513,False,0.0,,,,,,,8.0,80.0,OK,True,535.0,978.0,0.4529652351738241,5.999228799426231,0.954946525056482,279.02100350058345,0.521534585982399,0.0224948875255623,0.0623721881390593,0.1012269938650306,0.3597844160311909,True,True
main_ba_m2_qabase_N70_150,main_ba_m2,BA,2.0,BA attachment parameter m=2,80,13,BC-OSQA,qa_inhomo_all,qa_inhomo_all_raw_solutions.csv,BC-Offset(s=0.1),34.0,156.0,80055.0,138,181.0,23.0,6.924492486600234,9.386861313868613,False,0.0,,,,,,,8.0,80.0,OK,True,138.0,181.0,0.2375690607734806,4.799692443895479,0.9741110871465802,100.80307692307692,0.7304570791527314,0.0331491712707182,0.1270718232044199,0.2044198895027624,0.206061333973897,True,True
main_ba_m2_qabase_N70_150,main_ba_m2,BA,2.0,BA attachment parameter m=2,80,13,DC-OSQA,qa_inhomo_all,qa_inhomo_all_raw_solutions.csv,DC-Offset(s=0.1),34.0,156.0,80055.0,393,659.0,57.0,8.347901664598355,9.958508594277404,False,0.0,,,,,,,8.0,80.0,OK,True,393.0,659.0,0.4036418816388467,5.786324502408023,0.968615486324049,258.03980986333926,0.656589846980507,0.0166919575113808,0.0606980273141122,0.1031866464339908,0.3002853425075389,True,True
main_ba_m2_qabase_N70_150,main_ba_m2,BA,2.0,BA attachment parameter m=2,80,13,QA-Base,qa_base_ba_main,qa_base_ba_main_raw_solutions.csv,QA-Base,34.0,156.0,,20,46.0,3.0,3.922094632461216,5.873684210526315,False,0.0,,,,,,,8.0,80.0,OK,True,20.0,46.0,0.5652173913043479,2.718588836379785,0.907487247902358,11.887640449438198,0.5943820224719099,0.1521739130434782,0.5652173913043478,0.782608695652174,0.3934782608695653,True,True
main_ba_m2_qabase_N70_150,main_ba_m2,BA,2.0,BA attachment parameter m=2,80,14,BC-OSQA,qa_inhomo_all,qa_inhomo_all_raw_solutions.csv,BC-Offset(s=0.1),35.0,156.0,80056.0,72,918.0,11.0,4.750567817516229,7.154929577464789,False,0.0,,,,,,,8.0,80.0,OK,True,72.0,918.0,0.9215686274509804,3.292842688770187,0.7699555207568508,16.829572233095018,0.2337440587929863,0.130718954248366,0.4553376906318083,0.6830065359477124,0.7097857661583151,True,True
main_ba_m2_qabase_N70_150,main_ba_m2,BA,2.0,BA attachment parameter m=2,80,14,DC-OSQA,qa_inhomo_all,qa_inhomo_all_raw_solutions.csv,DC-Offset(s=0.1),35.0,156.0,80056.0,96,964.0,11.0,5.547343999492668,7.523684210526316,False,0.0,,,,,,,8.0,80.0,OK,True,96.0,964.0,0.9004149377593361,3.8451258528444727,0.8424260576859999,30.02377875420006,0.3127476953562506,0.0788381742738589,0.3174273858921161,0.5020746887966805,0.6249351659751037,True,True
main_ba_m2_qabase_N70_150,main_ba_m2,BA,2.0,BA attachment parameter m=2,80,14,QA-Base,qa_base_ba_main,qa_base_ba_main_raw_solutions.csv,QA-Base,35.0,156.0,,43,917.0,6.0,3.825723393315259,6.312292358803987,False,0.0,,,,,,,8.0,80.0,OK,True,43.0,917.0,0.9531079607415486,2.651789383678698,0.7050381001037777,8.354170185286373,0.1942830275647993,0.2497273718647764,0.6270447110141767,0.8320610687022901,0.7389617306180416,True,True
main_ba_m2_qabase_N70_150,main_ba_m2,BA,2.0,BA attachment parameter m=2,80,15,BC-OSQA,qa_inhomo_all,qa_inhomo_all_raw_solutions.csv,BC-Offset(s=0.1),36.0,156.0,80057.0,119,989.0,16.0,5.65922602063051,8.1088164079191,False,0.0,,,,,,,8.0,80.0,OK,True,119.0,989.0,0.8796764408493427,3.9226765603515146,0.8207941406003697,27.488435488857046,0.2309952562088827,0.0930232558139534,0.3640040444893832,0.4903943377148635,0.6530150988605756,True,True
main_ba_m2_qabase_N70_150,main_ba_m2,BA,2.0,BA attachment parameter m=2,80,15,DC-OSQA,qa_inhomo_all,qa_inhomo_all_raw_solutions.csv,DC-Offset(s=0.1),36.0,156.0,80057.0,139,988.0,20.0,6.2719068186961735,8.061724533416745,False,0.0,,,,,,,8.0,80.0,OK,True,139.0,988.0,0.8593117408906883,4.347354528113948,0.8810168190220343,46.5096245473604,0.3346016154486359,0.068825910931174,0.2459514170040485,0.3582995951417004,0.5574665773454113,True,True
main_ba_m2_qabase_N70_150,main_ba_m2,BA,2.0,BA attachment parameter m=2,80,15,QA-Base,qa_base_ba_main,qa_base_ba_main_raw_solutions.csv,QA-Base,36.0,156.0,,53,993.0,8.0,3.863586373077071,7.1582002902757615,False,0.0,,,,,,,8.0,80.0,OK,True,53.0,993.0,0.94662638469285,2.6780340013481974,0.6745181612986806,9.784658893574798,0.1846162055391471,0.1792547834843907,0.6535750251762337,0.8700906344410876,0.7817743069410401,True,True
main_ba_m2_qabase_N70_150,main_ba_m2,BA,2.0,BA attachment parameter m=2,80,16,BC-OSQA,qa_inhomo_all,qa_inhomo_all_raw_solutions.csv,BC-Offset(s=0.1),34.0,156.0,80058.0,310,982.0,44.0,7.413272645432742,10.30424887775342,False,0.0,,,,,,,8.0,80.0,OK,True,310.0,982.0,0.6843177189409368,5.138489032903872,0.8957420505554974,93.97037614500098,0.3031302456290354,0.0325865580448065,0.1558044806517311,0.2617107942973523,0.532579988174233,True,True
main_ba_m2_qabase_N70_150,main_ba_m2,BA,2.0,BA attachment parameter m=2,80,16,DC-OSQA,qa_inhomo_all,qa_inhomo_all_raw_solutions.csv,DC-Offset(s=0.1),34.0,156.0,80058.0,456,988.0,65.0,8.366162720293183,10.538808559861192,False,0.0,,,,,,,8.0,80.0,OK,True,456.0,988.0,0.5384615384615384,5.798982101676943,0.9471602959933728,220.6473779385172,0.4838758288125377,0.0242914979757085,0.0789473684210526,0.1325910931174089,0.39699197386178,True,True
main_ba_m2_qabase_N70_150,main_ba_m2,BA,2.0,BA attachment parameter m=2,80,16,QA-Base,qa_base_ba_main,qa_base_ba_main_raw_solutions.csv,QA-Base,34.0,156.0,,53,992.0,7.0,3.498305081022822,6.806966618287373,False,0.0,,,,,,,8.0,80.0,OK,True,53.0,992.0,0.9465725806451613,2.4248403036495003,0.610746100399468,5.589621248267558,0.1054645518541048,0.3548387096774194,0.7298387096774194,0.8457661290322581,0.8059190505173464,True,True
main_ba_m2_qabase_N70_150,main_ba_m2,BA,2.0,BA attachment parameter m=2,80,17,BC-OSQA,qa_inhomo_all,qa_inhomo_all_raw_solutions.csv,BC-Offset(s=0.1),35.0,156.0,80059.0,130,946.0,15.0,6.430666685590801,8.085629099582588,False,0.0,,,,,,,8.0,80.0,OK,True,130.0,946.0,0.8625792811839323,4.457398482238032,0.9157405104386754,59.90868924889544,0.4608360711453495,0.0486257928118393,0.1955602536997885,0.3044397463002114,0.4805334200683038,True,True
main_ba_m2_qabase_N70_150,main_ba_m2,BA,2.0,BA attachment parameter m=2,80,17,DC-OSQA,qa_inhomo_all,qa_inhomo_all_raw_solutions.csv,DC-Offset(s=0.1),35.0,156.0,80059.0,131,984.0,17.0,6.430015679439098,8.020669406928949,False,0.0,,,,,,,8.0,80.0,OK,True,131.0,984.0,0.8668699186991871,4.456947239159453,0.914208583506715,63.30125523012551,0.483215688779584,0.0436991869918699,0.173780487804878,0.2936991869918699,0.4959194439272638,True,True
main_ba_m2_qabase_N70_150,main_ba_m2,BA,2.0,BA attachment parameter m=2,80,17,QA-Base,qa_base_ba_main,qa_base_ba_main_raw_solutions.csv,QA-Base,35.0,156.0,,32,209.0,5.0,3.90042596668334,6.306451612903226,False,0.0,,,,,,,8.0,80.0,OK,True,32.0,209.0,0.84688995215311,2.7035692617893563,0.780085193336668,9.884815569133288,0.3089004865354152,0.1961722488038277,0.6411483253588517,0.8133971291866029,0.6371112440191387,True,True
main_ba_m2_qabase_N70_150,main_ba_m2,BA,2.0,BA attachment parameter m=2,80,18,BC-OSQA,qa_inhomo_all,qa_inhomo_all_raw_solutions.csv,BC-Offset(s=0.1),33.0,156.0,80060.0,188,997.0,26.0,6.788292519872637,9.573216520650814,False,0.0,,,,,,,8.0,80.0,OK,True,188.0,997.0,0.8114343029087262,4.7052858209658845,0.898565448517449,76.31547024952016,0.4059333523910647,0.0361083249749247,0.1514543630892678,0.2647943831494483,0.5498890287884932,True,True
main_ba_m2_qabase_N70_150,main_ba_m2,BA,2.0,BA attachment parameter m=2,80,18,DC-OSQA,qa_inhomo_all,qa_inhomo_all_raw_solutions.csv,DC-Offset(s=0.1),33.0,156.0,80060.0,277,989.0,47.0,7.548935430667639,10.412075550672316,False,0.0,,,,,,,8.0,80.0,OK,True,277.0,989.0,0.7199191102123357,5.23252330999635,0.930388873121344,138.8390347764372,0.5012239522615061,0.0212335692618806,0.0889787664307381,0.1567239635995955,0.4779797994546508,True,True
main_ba_m2_qabase_N70_150,main_ba_m2,BA,2.0,BA attachment parameter m=2,80,18,QA-Base,qa_base_ba_main,qa_base_ba_main_raw_solutions.csv,QA-Base,33.0,156.0,,154,990.0,25.0,5.893130333287642,9.527544351073765,False,0.0,,,,,,,8.0,80.0,OK,True,154.0,990.0,0.8444444444444444,4.08480667519062,0.8109678604546019,28.78075996946027,0.186888051749742,0.1101010101010101,0.3323232323232323,0.4696969696969697,0.6687524596615506,True,True
main_ba_m2_qabase_N70_150,main_ba_m2,BA,2.0,BA attachment parameter m=2,80,19,BC-OSQA,qa_inhomo_all,qa_inhomo_all_raw_solutions.csv,BC-Offset(s=0.1),35.0,156.0,80061.0,594,979.0,100.0,8.873346481243914,14.93750319382697,False,0.0,,,,,,,8.0,80.0,OK,True,594.0,979.0,0.3932584269662921,6.15053509560573,0.9629953515732782,338.3130956583127,0.5695506660914356,0.0153217568947906,0.0572012257405515,0.0960163432073544,0.3179307546008261,True,True
main_ba_m2_qabase_N70_150,main_ba_m2,BA,2.0,BA attachment parameter m=2,80,19,DC-OSQA,qa_inhomo_all,qa_inhomo_all_raw_solutions.csv,DC-Offset(s=0.1),35.0,156.0,80061.0,646,976.0,113.0,9.070917118781216,14.462639498884007,False,0.0,,,,,,,8.0,80.0,OK,True,646.0,976.0,0.3381147540983606,6.287480625976142,0.9716698256993904,413.8036490008688,0.6405629241499516,0.0133196721311475,0.0471311475409836,0.0747950819672131,0.2744410749632036,True,True
main_ba_m2_qabase_N70_150,main_ba_m2,BA,2.0,BA attachment parameter m=2,80,19,QA-Base,qa_base_ba_main,qa_base_ba_main_raw_solutions.csv,QA-Base,35.0,156.0,,73,980.0,10.0,3.311783507893834,7.821156773211566,False,0.0,,,,,,,8.0,80.0,OK,True,73.0,980.0,0.9255102040816326,2.2955534011215364,0.5350367326877946,3.9751984701860126,0.0544547735641919,0.4755102040816326,0.7561224489795918,0.8448979591836735,0.8415991053955829,True,True
main_ba_m2_qabase_N70_150,main_ba_m2,BA,2.0,BA attachment parameter m=2,90,0,BC-OSQA,qa_inhomo_all,qa_inhomo_all_raw_solutions.csv,BC-Offset(s=0.1),38.0,176.0,90042.0,60,76.0,11.0,5.764310572625647,7.407909604519773,False,0.0,,,,,,,9.0,90.0,OK,True,60.0,76.0,0.2105263157894736,3.995515621287349,0.9758620850217076,47.34426229508198,0.7890710382513664,0.0526315789473684,0.1973684210526315,0.3289473684210526,0.1811403508771929,True,True
main_ba_m2_qabase_N70_150,main_ba_m2,BA,2.0,BA attachment parameter m=2,90,0,DC-OSQA,qa_inhomo_all,qa_inhomo_all_raw_solutions.csv,DC-Offset(s=0.1),38.0,176.0,90042.0,174,273.0,24.0,7.185501590173509,8.892166633446282,False,0.0,,,,,,,9.0,90.0,OK,True,174.0,273.0,0.3626373626373627,4.980610168137772,0.9654112776996352,116.63380281690142,0.6703092115913875,0.0256410256410256,0.1098901098901098,0.1868131868131868,0.2841354048250599,True,True
main_ba_m2_qabase_N70_150,main_ba_m2,BA,2.0,BA attachment parameter m=2,90,0,QA-Base,qa_base_ba_main,qa_base_ba_main_raw_solutions.csv,QA-Base,38.0,176.0,,0,0.0,0.0,0.0,0.0,True,,,,,,,,,,ZERO_YIELD,True,0.0,0.0,0.0,0.0,0.0,0.0,0.0,0.0,0.0,0.0,0.0,True,True
main_ba_m2_qabase_N70_150,main_ba_m2,BA,2.0,BA attachment parameter m=2,90,1,BC-OSQA,qa_inhomo_all,qa_inhomo_all_raw_solutions.csv,BC-Offset(s=0.1),39.0,176.0,90043.0,331,985.0,60.0,7.18032228244366,13.293197839421405,False,0.0,,,,,,,9.0,90.0,OK,True,331.0,985.0,0.6639593908629442,4.977020145587574,0.8577936235684147,63.04665670283968,0.1904732830901501,0.065989847715736,0.2111675126903553,0.3309644670050761,0.573797291701811,True,True
main_ba_m2_qabase_N70_150,main_ba_m2,BA,2.0,BA attachment parameter m=2,90,1,DC-OSQA,qa_inhomo_all,qa_inhomo_all_raw_solutions.csv,DC-Offset(s=0.1),39.0,176.0,90043.0,492,990.0,94.0,8.332887208575155,13.349030516781744,False,0.0,,,,,,,9.0,90.0,OK,True,492.0,990.0,0.503030303030303,5.775917274547902,0.9318282015198188,178.7851149215615,0.3633843799218729,0.0262626262626262,0.1111111111111111,0.1737373737373737,0.4157633242999097,True,True
main_ba_m2_qabase_N70_150,main_ba_m2,BA,2.0,BA attachment parameter m=2,90,1,QA-Base,qa_base_ba_main,qa_base_ba_main_raw_solutions.csv,QA-Base,39.0,176.0,,245,976.0,41.0,6.693621234372902,14.546269655403147,False,0.0,,,,,,,9.0,90.0,OK,True,245.0,976.0,0.7489754098360656,4.6396646863417565,0.8433824606611845,46.98973954222572,0.1917948552743907,0.0850409836065573,0.257172131147541,0.3668032786885246,0.6167280026764803,True,True
main_ba_m2_qabase_N70_150,main_ba_m2,BA,2.0,BA attachment parameter m=2,90,2,BC-OSQA,qa_inhomo_all,qa_inhomo_all_raw_solutions.csv,BC-Offset(s=0.1),40.0,176.0,90044.0,324,973.0,54.0,7.574508325975492,11.218476474410426,False,0.0,,,,,,,9.0,90.0,OK,True,324.0,973.0,0.6670092497430626,5.250249090277743,0.9082307623465156,117.56227492859804,0.3628465275574014,0.0339157245632065,0.1202466598150051,0.2024665981500513,0.518185451638689,True,True
main_ba_m2_qabase_N70_150,main_ba_m2,BA,2.0,BA attachment parameter m=2,90,2,DC-OSQA,qa_inhomo_all,qa_inhomo_all_raw_solutions.csv,DC-Offset(s=0.1),40.0,176.0,90044.0,447,983.0,71.0,8.357898242784753,11.425647816534743,False,0.0,,,,,,,9.0,90.0,OK,True,447.0,983.0,0.5452695829094608,5.793253602393172,0.9493155227557494,238.88479604449927,0.5344178882427278,0.0162767039674465,0.0630722278738555,0.1108850457782299,0.4031579354621404,True,True
main_ba_m2_qabase_N70_150,main_ba_m2,BA,2.0,BA attachment parameter m=2,90,2,QA-Base,qa_base_ba_main,qa_base_ba_main_raw_solutions.csv,QA-Base,40.0,176.0,,171,652.0,24.0,6.233944767488088,10.170209838321291,False,0.0,,,,,,,9.0,90.0,OK,True,171.0,652.0,0.7377300613496933,4.321041239350791,0.8403975079011095,36.43332190606788,0.2130603620237887,0.0996932515337423,0.2837423312883436,0.4294478527607362,0.6071467011085998,True,True
main_ba_m2_qabase_N70_150,main_ba_m2,BA,2.0,BA attachment parameter m=2,90,3,BC-OSQA,qa_inhomo_all,qa_inhomo_all_raw_solutions.csv,BC-Offset(s=0.1),39.0,176.0,90045.0,190,991.0,27.0,6.541095396040687,8.688164856585908,False,0.0,,,,,,,9.0,90.0,OK,True,190.0,991.0,0.8082744702320888,4.5339418315392415,0.8640977760318088,61.10889179267003,0.3216257462772107,0.0423814328960645,0.1664984863773965,0.2976791120080727,0.6177651495034255,True,True
main_ba_m2_qabase_N70_150,main_ba_m2,BA,2.0,BA attachment parameter m=2,90,3,DC-OSQA,qa_inhomo_all,qa_inhomo_all_raw_solutions.csv,DC-Offset(s=0.1),39.0,176.0,90045.0,280,992.0,42.0,7.44725274884836,9.262928827444956,False,0.0,,,,,,,9.0,90.0,OK,True,280.0,992.0,0.717741935483871,5.162042245781543,0.9161020391743088,120.80333906211638,0.4314404966504156,0.0262096774193548,0.1018145161290322,0.1774193548387097,0.5134216589861751,True,True
main_ba_m2_qabase_N70_150,main_ba_m2,BA,2.0,BA attachment parameter m=2,90,3,QA-Base,qa_base_ba_main,qa_base_ba_main_raw_solutions.csv,QA-Base,39.0,176.0,,51,987.0,7.0,3.467053465313514,6.898823529411764,False,0.0,,,,,,,9.0,90.0,OK,True,51.0,987.0,0.9483282674772036,2.4031783343326505,0.6112118285030637,5.466625140990892,0.1071887282547233,0.364741641337386,0.7365754812563323,0.8480243161094225,0.803305719450901,True,True
main_ba_m2_qabase_N70_150,main_ba_m2,BA,2.0,BA attachment parameter m=2,90,4,BC-OSQA,qa_inhomo_all,qa_inhomo_all_raw_solutions.csv,BC-Offset(s=0.1),35.0,176.0,90046.0,98,992.0,10.0,6.141184532746035,7.051967178624026,False,0.0,,,,,,,9.0,90.0,OK,True,98.0,992.0,0.9012096774193548,4.25674474417126,0.9284132906010314,54.93881196962931,0.5606001221390746,0.0504032258064516,0.1834677419354838,0.3044354838709677,0.4415734035549705,True,True
main_ba_m2_qabase_N70_150,main_ba_m2,BA,2.0,BA attachment parameter m=2,90,4,DC-OSQA,qa_inhomo_all,qa_inhomo_all_raw_solutions.csv,DC-Offset(s=0.1),35.0,176.0,90046.0,112,992.0,12.0,6.352202816563799,7.318854568854568,False,0.0,,,,,,,9.0,90.0,OK,True,112.0,992.0,0.8870967741935484,4.403011472646142,0.933138184991796,65.85892116182572,0.5880260818020153,0.0372983870967741,0.1592741935483871,0.2741935483870967,0.4318116359447004,True,True
main_ba_m2_qabase_N70_150,main_ba_m2,BA,2.0,BA attachment parameter m=2,90,4,QA-Base,qa_base_ba_main,qa_base_ba_main_raw_solutions.csv,QA-Base,35.0,176.0,,36,958.0,5.0,3.3842489835981806,5.834920634920635,False,0.0,,,,,,,9.0,90.0,OK,True,36.0,958.0,0.9624217118997912,2.345782641293939,0.6546031098428,6.46667887994814,0.1796299688874483,0.3141962421711899,0.721294363256785,0.8997912317327766,0.7746462537694272,True,True
main_ba_m2_qabase_N70_150,main_ba_m2,BA,2.0,BA attachment parameter m=2,90,5,BC-OSQA,qa_inhomo_all,qa_inhomo_all_raw_solutions.csv,BC-Offset(s=0.1),37.0,176.0,90047.0,240,750.0,38.0,7.2766717068827855,9.77726638772664,False,0.0,,,,,,,9.0,90.0,OK,True,240.0,750.0,0.6799999999999999,5.043804477486129,0.920294978018824,104.12810070344317,0.4338670862643465,0.036,0.128,0.212,0.4868444444444444,True,True
main_ba_m2_qabase_N70_150,main_ba_m2,BA,2.0,BA attachment parameter m=2,90,5,DC-OSQA,qa_inhomo_all,qa_inhomo_all_raw_solutions.csv,DC-Offset(s=0.1),37.0,176.0,90047.0,402,860.0,63.0,8.11820570515006,10.774506519770226,False,0.0,,,,,,,9.0,90.0,OK,True,402.0,860.0,0.5325581395348837,5.627111395730429,0.9384067966473736,174.8463356973995,0.4349411335756206,0.0267441860465116,0.0988372093023255,0.1593023255813953,0.4138782830035867,True,True
main_ba_m2_qabase_N70_150,main_ba_m2,BA,2.0,BA attachment parameter m=2,90,5,QA-Base,qa_base_ba_main,qa_base_ba_main_raw_solutions.csv,QA-Base,37.0,176.0,,110,711.0,16.0,5.392976268106454,9.722435362802337,False,0.0,,,,,,,9.0,90.0,OK,True,110.0,711.0,0.8452883263009845,3.738126295064685,0.7952647398059078,19.94873919734817,0.181352174521347,0.1645569620253164,0.3881856540084388,0.5457102672292545,0.6707965733282188,True,True
main_ba_m2_qabase_N70_150,main_ba_m2,BA,2.0,BA attachment parameter m=2,90,6,BC-OSQA,qa_inhomo_all,qa_inhomo_all_raw_solutions.csv,BC-Offset(s=0.1),39.0,176.0,90048.0,24,59.0,3.0,4.231356236392001,5.210144927536231,False,0.0,,,,,,,9.0,90.0,OK,True,24.0,59.0,0.5932203389830508,2.932952645199857,0.9228769560768408,14.939914163090128,0.6224964234620887,0.135593220338983,0.4745762711864407,0.6779661016949152,0.3721751412429377,True,True
main_ba_m2_qabase_N70_150,main_ba_m2,BA,2.0,BA attachment parameter m=2,90,6,DC-OSQA,qa_inhomo_all,qa_inhomo_all_raw_solutions.csv,DC-Offset(s=0.1),39.0,176.0,90048.0,34,149.0,4.0,4.741153034020214,5.68270944741533,False,0.0,,,,,,,9.0,90.0,OK,True,34.0,149.0,0.7718120805369127,3.2863168581343416,0.9319287790326124,22.40262361251261,0.658900694485665,0.087248322147651,0.348993288590604,0.5637583892617449,0.3851164626924597,True,True
main_ba_m2_qabase_N70_150,main_ba_m2,BA,2.0,BA attachment parameter m=2,90,6,QA-Base,qa_base_ba_main,qa_base_ba_main_raw_solutions.csv,QA-Base,39.0,176.0,,12,28.0,2.0,3.118633046516737,4.727272727272728,False,0.0,,,,,,,9.0,90.0,OK,True,12.0,28.0,0.5714285714285714,2.161671703394149,0.8699206884003355,6.322580645161292,0.5268817204301076,0.3214285714285714,0.7142857142857143,0.9285714285714286,0.4107142857142858,True,True
main_ba_m2_qabase_N70_150,main_ba_m2,BA,2.0,BA attachment parameter m=2,90,7,BC-OSQA,qa_inhomo_all,qa_inhomo_all_raw_solutions.csv,BC-Offset(s=0.1),40.0,176.0,90049.0,43,46.0,15.0,5.393127173448317,10.617940199335548,False,0.0111111111111111,,,,,,,9.0,90.0,OK,True,43.0,46.0,0.0652173913043477,3.738230894676928,0.9938931138173702,40.692307692307686,0.9463327370304112,0.0434782608695652,0.1739130434782608,0.2826086956521739,0.0606673407482305,True,True
main_ba_m2_qabase_N70_150,main_ba_m2,BA,2.0,BA attachment parameter m=2,90,7,DC-OSQA,qa_inhomo_all,qa_inhomo_all_raw_solutions.csv,DC-Offset(s=0.1),40.0,176.0,90049.0,57,60.0,14.0,5.806890595608518,9.914786967418546,False,0.0111111111111111,,,,,,,9.0,90.0,OK,True,57.0,60.0,0.05,4.025029844166106,0.99554261806873,54.54545454545456,0.9569377990430624,0.0333333333333333,0.1333333333333333,0.2166666666666666,0.0473684210526315,True,True
main_ba_m2_qabase_N70_150,main_ba_m2,BA,2.0,BA attachment parameter m=2,90,7,QA-Base,qa_base_ba_main,qa_base_ba_main_raw_solutions.csv,QA-Base,40.0,176.0,,251,483.0,46.0,7.523464836985356,13.49214342629482,False,0.0056662239929172,,,,,,,9.0,90.0,OK,True,251.0,483.0,0.4803312629399586,5.214868439798288,0.9437902190544584,126.306984298863,0.5032150768879005,0.0331262939958592,0.1159420289855072,0.1904761904761904,0.3798305741835968,True,True
main_ba_m2_qabase_N70_150,main_ba_m2,BA,2.0,BA attachment parameter m=2,90,8,BC-OSQA,qa_inhomo_all,qa_inhomo_all_raw_solutions.csv,BC-Offset(s=0.1),41.0,176.0,90050.0,78,711.0,13.0,4.950625977386916,8.660006660006658,False,0.0,,,,,,,9.0,90.0,OK,True,78.0,711.0,0.890295358649789,3.4315124382325672,0.7876386912090182,22.680290726367275,0.2907729580303497,0.0773558368495077,0.3417721518987341,0.5808720112517581,0.6918569007176603,True,True
main_ba_m2_qabase_N70_150,main_ba_m2,BA,2.0,BA attachment parameter m=2,90,8,DC-OSQA,qa_inhomo_all,qa_inhomo_all_raw_solutions.csv,DC-Offset(s=0.1),41.0,176.0,90050.0,116,774.0,17.0,5.73268701241253,9.065967016491754,False,0.0,,,,,,,9.0,90.0,OK,True,116.0,774.0,0.8501291989664083,3.973595839686364,0.835914683415639,36.61386138613861,0.3156367360874018,0.0529715762273901,0.2377260981912144,0.4186046511627907,0.6453042858415754,True,True
main_ba_m2_qabase_N70_150,main_ba_m2,BA,2.0,BA attachment parameter m=2,90,8,QA-Base,qa_base_ba_main,qa_base_ba_main_raw_solutions.csv,QA-Base,41.0,176.0,,21,71.0,3.0,3.725717312593938,5.580952380952381,False,0.0,,,,,,,9.0,90.0,OK,True,21.0,71.0,0.704225352112676,2.5824704507878646,0.8482349871328053,8.79755671902269,0.4189312723344138,0.2535211267605634,0.6056338028169014,0.8169014084507042,0.4922870556673373,True,True
main_ba_m2_qabase_N70_150,main_ba_m2,BA,2.0,BA attachment parameter m=2,90,9,BC-OSQA,qa_inhomo_all,qa_inhomo_all_raw_solutions.csv,BC-Offset(s=0.1),35.0,176.0,90051.0,173,960.0,27.0,6.487906455742601,9.246135233230271,False,0.0,,,,,,,9.0,90.0,OK,True,173.0,960.0,0.8197916666666667,4.497074067534651,0.8726605093211147,57.47069094537291,0.3322005256957971,0.053125,0.1979166666666666,0.3239583333333333,0.5971339113680154,True,True
main_ba_m2_qabase_N70_150,main_ba_m2,BA,2.0,BA attachment parameter m=2,90,9,DC-OSQA,qa_inhomo_all,qa_inhomo_all_raw_solutions.csv,DC-Offset(s=0.1),35.0,176.0,90051.0,248,991.0,36.0,7.143223756766737,9.854708110225936,False,0.0,,,,,,,9.0,90.0,OK,True,248.0,991.0,0.7497477295660948,4.951305407111686,0.8980446896236218,88.30869526121751,0.3560834486339416,0.0494450050454086,0.1422805247225025,0.2351160443995963,0.5486597115979297,True,True
main_ba_m2_qabase_N70_150,main_ba_m2,BA,2.0,BA attachment parameter m=2,90,9,QA-Base,qa_base_ba_main,qa_base_ba_main_raw_solutions.csv,QA-Base,35.0,176.0,,55,927.0,8.0,3.2700691349012767,7.536700336700335,False,0.0,,,,,,,9.0,90.0,OK,True,55.0,927.0,0.9406688241639698,2.26663920109292,0.565622845997875,4.592272545090181,0.0834958644561851,0.4207119741100323,0.7810140237324703,0.8705501618122977,0.829185054427773,True,True
main_ba_m2_qabase_N70_150,main_ba_m2,BA,2.0,BA attachment parameter m=2,90,10,BC-OSQA,qa_inhomo_all,qa_inhomo_all_raw_solutions.csv,BC-Offset(s=0.1),37.0,176.0,90052.0,731,993.0,141.0,9.346945543581803,14.503697318366656,False,0.0,,,,,,,9.0,90.0,OK,True,731.0,993.0,0.2638469284994964,6.478808950381073,0.9824693264875916,561.2117245304496,0.7677314973056766,0.0050352467270896,0.0251762336354481,0.0473313192346425,0.2155361125691055,True,True
main_ba_m2_qabase_N70_150,main_ba_m2,BA,2.0,BA attachment parameter m=2,90,10,DC-OSQA,qa_inhomo_all,qa_inhomo_all_raw_solutions.csv,DC-Offset(s=0.1),37.0,176.0,90052.0,814,994.0,168.0,9.554268141700865,14.96591324635605,False,0.0,,,,,,,9.0,90.0,OK,True,814.0,994.0,0.1810865191146881,6.622514024733661,0.9881458055658026,670.3093622795116,0.823475875036255,0.0050301810865191,0.0231388329979879,0.0432595573440643,0.156689522886706,True,True
main_ba_m2_qabase_N70_150,main_ba_m2,BA,2.0,BA attachment parameter m=2,90,10,QA-Base,qa_base_ba_main,qa_base_ba_main_raw_solutions.csv,QA-Base,37.0,176.0,,333,965.0,56.0,7.503099992613601,12.91088679040486,False,0.0,,,,,,,9.0,90.0,OK,True,333.0,965.0,0.6549222797927461,5.200752605339465,0.8954244174124896,98.6989931107578,0.2963933727049784,0.0404145077720207,0.1512953367875647,0.238341968911917,0.5299039972615103,True,True
main_ba_m2_qabase_N70_150,main_ba_m2,BA,2.0,BA attachment parameter m=2,90,11,BC-OSQA,qa_inhomo_all,qa_inhomo_all_raw_solutions.csv,BC-Offset(s=0.1),39.0,176.0,90053.0,498,964.0,77.0,8.5337645529876,11.233052936090438,False,0.0,,,,,,,9.0,90.0,OK,True,498.0,964.0,0.4834024896265559,5.915154839465757,0.952428874199796,259.4349525404802,0.5209537199608036,0.0197095435684647,0.0622406639004149,0.1089211618257261,0.3748979319768701,True,True
main_ba_m2_qabase_N70_150,main_ba_m2,BA,2.0,BA attachment parameter m=2,90,11,DC-OSQA,qa_inhomo_all,qa_inhomo_all_raw_solutions.csv,DC-Offset(s=0.1),39.0,176.0,90053.0,663,962.0,107.0,9.17628127920641,11.517363626835811,False,0.0,,,,,,,9.0,90.0,OK,True,663.0,962.0,0.3108108108108108,6.360513496706933,0.9790262870909384,485.0335429769392,0.7315739713076005,0.0083160083160083,0.0343035343035343,0.0602910602910602,0.2436853839568771,True,True
main_ba_m2_qabase_N70_150,main_ba_m2,BA,2.0,BA attachment parameter m=2,90,11,QA-Base,qa_base_ba_main,qa_base_ba_main_raw_solutions.csv,QA-Base,39.0,176.0,,131,987.0,19.0,5.41723254690665,8.343863769817967,False,0.0,,,,,,,9.0,90.0,OK,True,131.0,987.0,0.867274569402229,3.754939466325917,0.7702128175317321,19.59113122171945,0.1495506200131256,0.1509625126646403,0.4265450861195542,0.5663627152988855,0.7079050558017588,True,True
main_ba_m2_qabase_N70_150,main_ba_m2,BA,2.0,BA attachment parameter m=2,90,12,BC-OSQA,qa_inhomo_all,qa_inhomo_all_raw_solutions.csv,BC-Offset(s=0.1),43.0,176.0,90054.0,72,81.0,18.0,6.098988583078121,10.7433489827856,False,0.0,,,,,,,9.0,90.0,OK,True,72.0,81.0,0.1111111111111111,4.227496740627894,0.9885028718586352,63.69902912621362,0.884708737864078,0.037037037037037,0.1481481481481481,0.2345679012345679,0.1020233196159121,True,True
main_ba_m2_qabase_N70_150,main_ba_m2,BA,2.0,BA attachment parameter m=2,90,12,DC-OSQA,qa_inhomo_all,qa_inhomo_all_raw_solutions.csv,DC-Offset(s=0.1),43.0,176.0,90054.0,70,71.0,20.0,6.121578105420173,11.418633540372667,False,0.0,,,,,,,9.0,90.0,OK,True,70.0,71.0,0.0140845070422535,4.243154604349487,0.9987429342871768,69.05479452054793,0.986497064579256,0.028169014084507,0.0845070422535211,0.1549295774647887,0.0138832997987927,True,True
main_ba_m2_qabase_N70_150,main_ba_m2,BA,2.0,BA attachment parameter m=2,90,12,QA-Base,qa_base_ba_main,qa_base_ba_main_raw_solutions.csv,QA-Base,43.0,176.0,,98,194.0,15.0,6.070001709630423,9.22196507468967,False,0.0,,,,,,,9.0,90.0,OK,True,98.0,194.0,0.4948453608247423,4.2074045710243775,0.917651998754052,42.67120181405896,0.435420426674071,0.0721649484536082,0.2577319587628865,0.3865979381443299,0.4056385440774248,True,True
main_ba_m2_qabase_N70_150,main_ba_m2,BA,2.0,BA attachment parameter m=2,90,13,BC-OSQA,qa_inhomo_all,qa_inhomo_all_raw_solutions.csv,BC-Offset(s=0.1),38.0,176.0,90055.0,98,749.0,13.0,5.4218119374738,8.019356196086683,False,0.0,,,,,,,9.0,90.0,OK,True,98.0,749.0,0.8691588785046729,3.758113657986218,0.8196598286616195,24.09901628076807,0.2459083293955925,0.1054739652870494,0.3831775700934579,0.5313751668891856,0.647407427590529,True,True
main_ba_m2_qabase_N70_150,main_ba_m2,BA,2.0,BA attachment parameter m=2,90,13,DC-OSQA,qa_inhomo_all,qa_inhomo_all_raw_solutions.csv,DC-Offset(s=0.1),38.0,176.0,90055.0,140,875.0,16.0,6.209630067811692,8.268242548818089,False,0.0,,,,,,,9.0,90.0,OK,True,140.0,875.0,0.84,4.3041875738239375,0.8710034449540817,45.15097010084331,0.3225069292917379,0.0754285714285714,0.24,0.3794285714285714,0.5833714285714287,True,True
main_ba_m2_qabase_N70_150,main_ba_m2,BA,2.0,BA attachment parameter m=2,90,13,QA-Base,qa_base_ba_main,qa_base_ba_main_raw_solutions.csv,QA-Base,38.0,176.0,,29,737.0,5.0,2.2416791914924423,6.551724137931034,False,0.0,,,,,,,9.0,90.0,OK,True,29.0,737.0,0.960651289009498,1.553813611302884,0.4614425609611869,2.782100728857747,0.0959345078916464,0.5590230664857531,0.9090909090909092,0.9579375848032564,0.854255368923408,True,True
main_ba_m2_qabase_N70_150,main_ba_m2,BA,2.0,BA attachment parameter m=2,90,14,BC-OSQA,qa_inhomo_all,qa_inhomo_all_raw_solutions.csv,BC-Offset(s=0.1),40.0,176.0,90056.0,297,937.0,44.0,7.383508238878741,10.256347256347256,False,0.0,,,,,,,9.0,90.0,OK,True,297.0,937.0,0.6830309498399146,5.117857918419926,0.8988582170105616,99.91680892227154,0.3364202320615203,0.0384204909284952,0.1344717182497332,0.2187833511205976,0.536593253775751,True,True
main_ba_m2_qabase_N70_150,main_ba_m2,BA,2.0,BA attachment parameter m=2,90,14,DC-OSQA,qa_inhomo_all,qa_inhomo_all_raw_solutions.csv,DC-Offset(s=0.1),40.0,176.0,90056.0,359,969.0,56.0,7.765701372639048,10.285491978027109,False,0.0,,,,,,,9.0,90.0,OK,True,359.0,969.0,0.6295149638802889,5.382774011515254,0.9149207974812952,133.54586829753947,0.3719940621101378,0.0288957688338493,0.1114551083591331,0.1888544891640866,0.4962011780228879,True,True
main_ba_m2_qabase_N70_150,main_ba_m2,BA,2.0,BA attachment parameter m=2,90,14,QA-Base,qa_base_ba_main,qa_base_ba_main_raw_solutions.csv,QA-Base,40.0,176.0,,123,737.0,17.0,5.493142609596819,9.277355724376916,False,0.0,,,,,,,9.0,90.0,OK,True,123.0,737.0,0.8331071913161465,3.8075563122557368,0.7912324281601777,21.95598043574924,0.178503905981701,0.1424694708276797,0.3758480325644505,0.5237449118046132,0.6823973260085383,True,True
main_ba_m2_qabase_N70_150,main_ba_m2,BA,2.0,BA attachment parameter m=2,90,15,BC-OSQA,qa_inhomo_all,qa_inhomo_all_raw_solutions.csv,BC-Offset(s=0.1),42.0,176.0,90057.0,393,791.0,67.0,8.212192968670612,13.914706340551485,False,0.0,,,,,,,9.0,90.0,OK,True,393.0,791.0,0.5031605562579013,5.6922584024482425,0.9528690688666058,214.20095857583016,0.5450406070631811,0.0214917825537294,0.0733249051833122,0.1226295828065739,0.376185007543516,True,True
main_ba_m2_qabase_N70_150,main_ba_m2,BA,2.0,BA attachment parameter m=2,90,15,DC-OSQA,qa_inhomo_all,qa_inhomo_all_raw_solutions.csv,DC-Offset(s=0.1),42.0,176.0,90057.0,470,873.0,85.0,8.515797732368682,14.447924511182686,False,0.0,,,,,,,9.0,90.0,OK,True,470.0,873.0,0.4616265750286369,5.902701188410126,0.959362527400355,273.6549371633752,0.5822445471561174,0.0137457044673539,0.0595647193585337,0.1030927835051546,0.3508152372596329,True,True
main_ba_m2_qabase_N70_150,main_ba_m2,BA,2.0,BA attachment parameter m=2,90,15,QA-Base,qa_base_ba_main,qa_base_ba_main_raw_solutions.csv,QA-Base,42.0,176.0,,124,652.0,17.0,5.819716713858697,13.672698662470497,False,0.0,,,,,,,9.0,90.0,OK,True,124.0,652.0,0.8098159509202454,4.033920231868746,0.8368640248429994,30.46903669724772,0.24571803788103,0.107361963190184,0.3220858895705521,0.4631901840490797,0.6238125865822284,True,True
main_ba_m2_qabase_N70_150,main_ba_m2,BA,2.0,BA attachment parameter m=2,90,16,BC-OSQA,qa_inhomo_all,qa_inhomo_all_raw_solutions.csv,BC-Offset(s=0.1),39.0,176.0,90058.0,725,983.0,148.0,9.295490740738993,13.956928938845495,False,0.0,,,,,,,9.0,90.0,OK,True,725.0,983.0,0.2624618514750763,6.443143198864312,0.9782835213708808,512.6201591511937,0.707062288484405,0.0081383519837232,0.0325534079348931,0.0590030518819938,0.2252471322832987,True,True
main_ba_m2_qabase_N70_150,main_ba_m2,BA,2.0,BA attachment parameter m=2,90,16,DC-OSQA,qa_inhomo_all,qa_inhomo_all_raw_solutions.csv,DC-Offset(s=0.1),39.0,176.0,90058.0,824,987.0,172.0,9.574093942659148,14.083656761316048,False,0.0,,,,,,,9.0,90.0,OK,True,824.0,987.0,0.1651469098277609,6.63625622277024,0.9883955424140408,678.8634146341464,0.8238633672744494,0.0050658561296859,0.0233029381965552,0.0415400202634245,0.1469184347980052,True,True
main_ba_m2_qabase_N70_150,main_ba_m2,BA,2.0,BA attachment parameter m=2,90,16,QA-Base,qa_base_ba_main,qa_base_ba_main_raw_solutions.csv,QA-Base,39.0,176.0,,195,584.0,28.0,6.589560021880397,10.584826856991803,False,0.0,,,,,,,9.0,90.0,OK,True,195.0,584.0,0.6660958904109588,4.567534950296928,0.866211896960793,47.0292333149476,0.2411755554612697,0.0736301369863013,0.2654109589041096,0.3835616438356164,0.5503863716192483,True,True
main_ba_m2_qabase_N70_150,main_ba_m2,BA,2.0,BA attachment parameter m=2,90,17,BC-OSQA,qa_inhomo_all,qa_inhomo_all_raw_solutions.csv,BC-Offset(s=0.1),37.0,176.0,90059.0,563,992.0,96.0,8.772544321493331,11.80870147848018,False,0.0,,,,,,,9.0,90.0,OK,True,563.0,992.0,0.4324596774193548,6.0806643627802615,0.9601130409216384,325.202908129544,0.5776250588446606,0.0100806451612903,0.0483870967741935,0.0877016129032258,0.3434187532229416,True,True
main_ba_m2_qabase_N70_150,main_ba_m2,BA,2.0,BA attachment parameter m=2,90,17,DC-OSQA,qa_inhomo_all,qa_inhomo_all_raw_solutions.csv,DC-Offset(s=0.1),37.0,176.0,90059.0,703,994.0,129.0,9.262204381149909,12.363440363440365,False,0.0,,,,,,,9.0,90.0,OK,True,703.0,994.0,0.2927565392354124,6.420070852564031,0.9793625211442504,513.5322245322246,0.7304868058779866,0.0080482897384305,0.0331991951710261,0.0583501006036217,0.2365916695049386,True,True
main_ba_m2_qabase_N70_150,main_ba_m2,BA,2.0,BA attachment parameter m=2,90,17,QA-Base,qa_base_ba_main,qa_base_ba_main_raw_solutions.csv,QA-Base,37.0,176.0,,129,894.0,18.0,5.273255033186809,8.179748062015504,False,0.0,,,,,,,9.0,90.0,OK,True,129.0,894.0,0.8557046979865772,3.6551418586269775,0.7521158338018346,17.45285408568808,0.1352934425247138,0.1364653243847874,0.4787472035794183,0.5995525727069351,0.7160224060489395,True,True
main_ba_m2_qabase_N70_150,main_ba_m2,BA,2.0,BA attachment parameter m=2,90,18,BC-OSQA,qa_inhomo_all,qa_inhomo_all_raw_solutions.csv,BC-Offset(s=0.1),40.0,176.0,90060.0,286,987.0,39.0,7.495729135429472,9.200245368666424,False,0.0,,,,,,,9.0,90.0,OK,True,286.0,987.0,0.7102330293819655,5.195643516463975,0.918608741003614,124.71757777493278,0.4360754467654992,0.0263424518743667,0.105369807497467,0.1773049645390071,0.5060010911074739,True,True
main_ba_m2_qabase_N70_150,main_ba_m2,BA,2.0,BA attachment parameter m=2,90,18,DC-OSQA,qa_inhomo_all,qa_inhomo_all_raw_solutions.csv,DC-Offset(s=0.1),40.0,176.0,90060.0,381,990.0,58.0,8.10694712026067,9.655974582124603,False,0.0,,,,,,,9.0,90.0,OK,True,381.0,990.0,0.6151515151515152,5.619307539357251,0.9455657485050885,198.4811664641556,0.5209479434754738,0.0191919191919191,0.0787878787878787,0.1313131313131313,0.4196717834513108,True,True
main_ba_m2_qabase_N70_150,main_ba_m2,BA,2.0,BA attachment parameter m=2,90,18,QA-Base,qa_base_ba_main,qa_base_ba_main_raw_solutions.csv,QA-Base,40.0,176.0,,105,957.0,13.0,5.053779964047655,8.145054945054945,False,0.0,,,,,,,9.0,90.0,OK,True,105.0,957.0,0.890282131661442,3.503013333249974,0.7526951391262727,15.089862092827838,0.143712972312646,0.2016718913270637,0.4618599791013584,0.6050156739811913,0.7219385978006667,True,True
main_ba_m2_qabase_N70_150,main_ba_m2,BA,2.0,BA attachment parameter m=2,90,19,BC-OSQA,qa_inhomo_all,qa_inhomo_all_raw_solutions.csv,BC-Offset(s=0.1),39.0,176.0,90061.0,346,797.0,49.0,8.097083614762877,9.860534472648068,False,0.0,,,,,,,9.0,90.0,OK,True,346.0,797.0,0.5658720200752823,5.612470678331018,0.9599810917844775,221.71343804537523,0.6407902833681365,0.0112923462986198,0.055207026348808,0.1003764115432873,0.369184296603593,True,True
main_ba_m2_qabase_N70_150,main_ba_m2,BA,2.0,BA attachment parameter m=2,90,19,DC-OSQA,qa_inhomo_all,qa_inhomo_all_raw_solutions.csv,DC-Offset(s=0.1),39.0,176.0,90061.0,402,923.0,57.0,8.314955439297481,9.748216523368198,False,0.0,,,,,,,9.0,90.0,OK,True,402.0,923.0,0.5644637053087758,5.7634879192306325,0.9611496655112872,253.3241153731788,0.6301594909780566,0.0162513542795232,0.0574214517876489,0.0964247020585048,0.3645936083396668,True,True
main_ba_m2_qabase_N70_150,main_ba_m2,BA,2.0,BA attachment parameter m=2,90,19,QA-Base,qa_base_ba_main,qa_base_ba_main_raw_solutions.csv,QA-Base,39.0,176.0,,207,892.0,28.0,6.792762246761568,9.167487453684162,False,0.0,,,,,,,9.0,90.0,OK,True,207.0,892.0,0.7679372197309418,4.708383999556821,0.8829237359192813,63.71428571428573,0.3077984817115252,0.0594170403587443,0.2040358744394619,0.3105381165919282,0.565195727995494,True,True
main_ba_m2_qabase_N70_150,main_ba_m2,BA,2.0,BA attachment parameter m=2,100,0,BC-OSQA,qa_inhomo_all,qa_inhomo_all_raw_solutions.csv,BC-Offset(s=0.1),43.0,196.0,100042.0,55,69.0,7.0,5.669906159582655,7.7629629629629635,False,0.0,,,,,,,10.0,100.0,OK,True,55.0,69.0,0.2028985507246377,3.930079468554185,0.9807219132756478,46.22330097087377,0.8404236540158868,0.0434782608695652,0.1884057971014492,0.3333333333333333,0.1686429512516469,True,True
main_ba_m2_qabase_N70_150,main_ba_m2,BA,2.0,BA attachment parameter m=2,100,0,QA-Base,qa_base_ba_main,qa_base_ba_main_raw_solutions.csv,QA-Base,43.0,196.0,,37,51.0,4.0,4.983809352191814,7.411411411411413,False,0.0,,,,,,,10.0,100.0,OK,True,37.0,51.0,0.2745098039215686,3.454513400920043,0.9566856640034642,25.75247524752476,0.6960128445276962,0.0980392156862745,0.3333333333333333,0.4705882352941176,0.237413884472708,True,True
main_ba_m2_qabase_N70_150,main_ba_m2,BA,2.0,BA attachment parameter m=2,100,1,BC-OSQA,qa_inhomo_all,qa_inhomo_all_raw_solutions.csv,BC-Offset(s=0.1),43.0,196.0,100043.0,219,970.0,21.0,6.813433854431164,10.488542583050563,False,0.0,,,,,,,10.0,100.0,OK,True,219.0,970.0,0.7742268041237114,4.722712466130643,0.8763498990004077,65.51315972705751,0.2991468480687557,0.0608247422680412,0.1824742268041237,0.2927835051546392,0.5826766464247046,True,True
main_ba_m2_qabase_N70_150,main_ba_m2,BA,2.0,BA attachment parameter m=2,100,1,QA-Base,qa_base_ba_main,qa_base_ba_main_raw_solutions.csv,QA-Base,43.0,196.0,,59,767.0,5.0,4.079024885320606,9.15020455873758,False,0.0,,,,,,,10.0,100.0,OK,True,59.0,767.0,0.9230769230769232,2.827364598693833,0.693400033130194,8.71577996059084,0.1477250840778108,0.2229465449804432,0.6153846153846154,0.7822685788787483,0.7524804985304843,True,True
main_ba_m2_qabase_N70_150,main_ba_m2,BA,2.0,BA attachment parameter m=2,100,2,BC-OSQA,qa_inhomo_all,qa_inhomo_all_raw_solutions.csv,BC-Offset(s=0.1),44.0,196.0,100044.0,651,928.0,87.0,9.1235278669848,13.096008507621413,False,0.0,,,,,,,10.0,100.0,OK,True,651.0,928.0,0.2984913793103448,6.323947617760607,0.9761423486289248,450.4100418410043,0.691874104210452,0.0086206896551724,0.0387931034482758,0.0689655172413793,0.2468218655649132,True,True
main_ba_m2_qabase_N70_150,main_ba_m2,BA,2.0,BA attachment parameter m=2,100,2,QA-Base,qa_base_ba_main,qa_base_ba_main_raw_solutions.csv,QA-Base,44.0,196.0,,196,733.0,21.0,6.329120668492971,9.922658294086869,False,0.0,,,,,,,10.0,100.0,OK,True,196.0,733.0,0.7326057298772168,4.387012146789578,0.8311703003869851,34.45706406720965,0.1758013472816819,0.1132332878581173,0.3028649386084583,0.4270122783083219,0.6156068157140073,True,True
main_ba_m2_qabase_N70_150,main_ba_m2,BA,2.0,BA attachment parameter m=2,100,3,BC-OSQA,qa_inhomo_all,qa_inhomo_all_raw_solutions.csv,BC-Offset(s=0.1),42.0,196.0,100045.0,672,987.0,107.0,9.001217330562739,15.192489887162022,False,0.0,,,,,,,10.0,100.0,OK,True,672.0,987.0,0.3191489361702128,6.2391684142868815,0.9583595746809512,315.5714285714286,0.4696003401360545,0.0192502532928064,0.0739614994934143,0.1144883485309017,0.2857941935639503,True,True
main_ba_m2_qabase_N70_150,main_ba_m2,BA,2.0,BA attachment parameter m=2,100,3,QA-Base,qa_base_ba_main,qa_base_ba_main_raw_solutions.csv,QA-Base,42.0,196.0,,372,992.0,43.0,6.979634520975704,12.494478740979048,False,0.0,,,,,,,10.0,100.0,OK,True,372.0,992.0,0.625,4.837913989553176,0.8173679252687465,35.09000142633005,0.0943279608234678,0.1139112903225806,0.3195564516129032,0.4022177419354839,0.5743203694068679,True,True
main_ba_m2_qabase_N70_150,main_ba_m2,BA,2.0,BA attachment parameter m=2,100,4,BC-OSQA,qa_inhomo_all,qa_inhomo_all_raw_solutions.csv,BC-Offset(s=0.1),43.0,196.0,100046.0,149,839.0,11.0,6.214238370351909,8.42408851804825,False,0.0,,,,,,,10.0,100.0,OK,True,149.0,839.0,0.8224076281287247,4.307381805736855,0.8607969675092281,45.76561992068136,0.307151811548197,0.0488676996424314,0.233611442193087,0.400476758045292,0.6057226964027165,True,True
main_ba_m2_qabase_N70_150,main_ba_m2,BA,2.0,BA attachment parameter m=2,100,4,QA-Base,qa_base_ba_main,qa_base_ba_main_raw_solutions.csv,QA-Base,43.0,196.0,,66,273.0,6.0,5.319191770019644,7.488111888111888,False,0.0,,,,,,,10.0,100.0,OK,True,66.0,273.0,0.7582417582417582,3.686982778246782,0.8800206712172866,28.348801825789263,0.4295273003907464,0.0769230769230769,0.315018315018315,0.5164835164835165,0.5346320346320346,True,True
main_ba_m2_qabase_N70_150,main_ba_m2,BA,2.0,BA attachment parameter m=2,100,5,BC-OSQA,qa_inhomo_all,qa_inhomo_all_raw_solutions.csv,BC-Offset(s=0.1),45.0,196.0,100047.0,327,437.0,46.0,8.176085959264743,14.403482111029811,False,0.0,,,,,,,10.0,100.0,OK,True,327.0,437.0,0.251716247139588,5.667230930680111,0.9788030942191916,245.14634146341464,0.7496830014171701,0.0137299771167048,0.05720823798627,0.0983981693363844,0.2129056186537345,True,True
main_ba_m2_qabase_N70_150,main_ba_m2,BA,2.0,BA attachment parameter m=2,100,5,QA-Base,qa_base_ba_main,qa_base_ba_main_raw_solutions.csv,QA-Base,45.0,196.0,,127,273.0,15.0,6.389670709893043,12.000499937507811,False,0.0,,,,,,,10.0,100.0,OK,True,127.0,273.0,0.5347985347985348,4.428982237268826,0.9142880236086616,52.30105263157896,0.4118193120596768,0.0586080586080586,0.2271062271062271,0.3443223443223443,0.4336765596608116,True,True
main_ba_m2_qabase_N70_150,main_ba_m2,BA,2.0,BA attachment parameter m=2,100,6,BC-OSQA,qa_inhomo_all,qa_inhomo_all_raw_solutions.csv,BC-Offset(s=0.1),41.0,196.0,100048.0,481,952.0,48.0,8.526745580819764,10.724116424116424,False,0.0,,,,,,,10.0,100.0,OK,True,481.0,952.0,0.4947478991596639,5.910289658697195,0.9569975195720134,273.31242460796136,0.5682170989770506,0.0136554621848739,0.0609243697478991,0.1050420168067226,0.3673020143608378,True,True
main_ba_m2_qabase_N70_150,main_ba_m2,BA,2.0,BA attachment parameter m=2,100,6,QA-Base,qa_base_ba_main,qa_base_ba_main_raw_solutions.csv,QA-Base,41.0,196.0,,151,509.0,16.0,5.986197605411554,9.97757174392936,False,0.0,,,,,,,10.0,100.0,OK,True,151.0,509.0,0.7033398821218075,4.149315992465716,0.8270050958727848,29.444368678258886,0.1949958190613171,0.1041257367387033,0.3339882121807465,0.4833005893909626,0.6027661041647692,True,True
main_ba_m2_qabase_N70_150,main_ba_m2,BA,2.0,BA attachment parameter m=2,100,7,BC-OSQA,qa_inhomo_all,qa_inhomo_all_raw_solutions.csv,BC-Offset(s=0.1),38.0,196.0,100049.0,179,956.0,12.0,6.6903634689667015,8.488104952608124,False,0.0,,,,,,,10.0,100.0,OK,True,179.0,956.0,0.8127615062761506,4.637406575435525,0.8939775734848989,65.94054834054835,0.3683829516231751,0.0460251046025104,0.1820083682008368,0.301255230125523,0.5457329188191018,True,True
main_ba_m2_qabase_N70_150,main_ba_m2,BA,2.0,BA attachment parameter m=2,100,7,QA-Base,qa_base_ba_main,qa_base_ba_main_raw_solutions.csv,QA-Base,38.0,196.0,,42,306.0,3.0,4.048197993474988,6.875725900116144,False,0.0,,,,,,,10.0,100.0,OK,True,42.0,306.0,0.8627450980392157,2.805997025525616,0.7507343644819925,9.3898916967509,0.2235688499226405,0.2026143790849673,0.6143790849673203,0.761437908496732,0.6741363211951448,True,True
main_ba_m2_qabase_N70_150,main_ba_m2,BA,2.0,BA attachment parameter m=2,100,8,BC-OSQA,qa_inhomo_all,qa_inhomo_all_raw_solutions.csv,BC-Offset(s=0.1),45.0,196.0,100050.0,377,643.0,54.0,8.0366647577342,12.59540606129014,False,0.0,,,,,,,10.0,100.0,OK,True,377.0,643.0,0.4136858475894246,5.570591517928937,0.9390359538266736,146.66512947853846,0.3890321736831258,0.0342146189735614,0.1290824261275272,0.1912908242612752,0.3565349757230489,True,True
main_ba_m2_qabase_N70_150,main_ba_m2,BA,2.0,BA attachment parameter m=2,100,8,QA-Base,qa_base_ba_main,qa_base_ba_main_raw_solutions.csv,QA-Base,45.0,196.0,,153,467.0,15.0,6.436859436657672,10.06948744410045,False,0.0,,,,,,,10.0,100.0,OK,True,153.0,467.0,0.6723768736616702,4.461690970179944,0.8869388788610554,51.88888888888889,0.3391430646332607,0.0599571734475374,0.2205567451820128,0.3661670235546038,0.5283341030916293,True,True
main_ba_m2_qabase_N70_150,main_ba_m2,BA,2.0,BA attachment parameter m=2,100,9,BC-OSQA,qa_inhomo_all,qa_inhomo_all_raw_solutions.csv,BC-Offset(s=0.1),45.0,196.0,100051.0,693,956.0,78.0,9.258379495313635,12.323165594841898,False,0.0,,,,,,,10.0,100.0,OK,True,693.0,956.0,0.2751046025104602,6.417419643730656,0.9811023102669524,520.4646924829158,0.7510313022841497,0.006276150627615,0.0292887029288702,0.055439330543933,0.2235444704063951,True,True
main_ba_m2_qabase_N70_150,main_ba_m2,BA,2.0,BA attachment parameter m=2,100,9,QA-Base,qa_base_ba_main,qa_base_ba_main_raw_solutions.csv,QA-Base,45.0,196.0,,156,346.0,16.0,6.724778540339205,9.745905707196032,False,0.0,,,,,,,10.0,100.0,OK,True,156.0,346.0,0.5491329479768786,4.6612612851261455,0.9230483559203416,69.04036908881201,0.4425664685180257,0.0404624277456647,0.1820809248554913,0.3063583815028902,0.4291536979398251,True,True
main_ba_m2_qabase_N70_150,main_ba_m2,BA,2.0,BA attachment parameter m=2,100,10,BC-OSQA,qa_inhomo_all,qa_inhomo_all_raw_solutions.csv,BC-Offset(s=0.1),43.0,196.0,100052.0,624,956.0,68.0,9.03563693225653,12.160575379676503,False,0.0,,,,,,,10.0,100.0,OK,True,624.0,956.0,0.3472803347280334,6.263026264156928,0.9731012959138864,421.9464450600185,0.676196226057722,0.0104602510460251,0.0387029288702928,0.0669456066945606,0.2770323731359296,True,True
main_ba_m2_qabase_N70_150,main_ba_m2,BA,2.0,BA attachment parameter m=2,100,10,DC-OSQA,qa_inhomo_all,qa_inhomo_all_raw_solutions.csv,DC-Offset(s=0.1),43.0,196.0,100052.0,781,974.0,92.0,9.488633259283205,12.45498539019666,False,0.0,,,,,,,10.0,100.0,OK,True,781.0,974.0,0.1981519507186858,6.577019391039478,0.9874551736268272,639.2695417789756,0.8185269420985604,0.0061601642710472,0.0236139630390143,0.0441478439425051,0.167873021214838,True,True
main_ba_m2_qabase_N70_150,main_ba_m2,BA,2.0,BA attachment parameter m=2,100,10,QA-Base,qa_base_ba_main,qa_base_ba_main_raw_solutions.csv,QA-Base,43.0,196.0,,189,368.0,20.0,7.006718315059219,10.65856129685917,False,0.0,,,,,,,10.0,100.0,OK,True,189.0,368.0,0.4864130434782608,4.856687045061029,0.9265397645303504,76.5972850678733,0.4052766405707582,0.0597826086956521,0.1820652173913043,0.2717391304347826,0.4011674718196456,True,True
main_ba_m2_qabase_N70_150,main_ba_m2,BA,2.0,BA attachment parameter m=2,100,11,BC-OSQA,qa_inhomo_all,qa_inhomo_all_raw_solutions.csv,BC-Offset(s=0.1),41.0,196.0,100053.0,221,778.0,18.0,7.077609423828652,8.811188811188813,False,0.0,,,,,,,10.0,100.0,OK,True,221.0,778.0,0.7159383033419023,4.90582501723133,0.9087953232406284,90.88348348348352,0.4112374818257173,0.0347043701799485,0.1336760925449871,0.2313624678663239,0.5188149216578068,True,True
main_ba_m2_qabase_N70_150,main_ba_m2,BA,2.0,BA attachment parameter m=2,100,11,DC-OSQA,qa_inhomo_all,qa_inhomo_all_raw_solutions.csv,DC-Offset(s=0.1),41.0,196.0,100053.0,322,640.0,30.0,7.998760504140866,10.192914223795984,False,0.0,,,,,,,10.0,100.0,OK,True,322.0,640.0,0.4968749999999999,5.544318291419488,0.9601296737401944,197.6833976833977,0.6139235952900549,0.021875,0.0734375,0.121875,0.3488936335403727,True,True
main_ba_m2_qabase_N70_150,main_ba_m2,BA,2.0,BA attachment parameter m=2,100,11,QA-Base,qa_base_ba_main,qa_base_ba_main_raw_solutions.csv,QA-Base,41.0,196.0,,124,983.0,11.0,5.349828042758174,8.812483608707055,False,0.0,,,,,,,10.0,100.0,OK,True,124.0,983.0,0.873855544252289,3.708218224318359,0.7692949413532666,20.661770051532063,0.166627177834936,0.1180061037639877,0.4181078331637843,0.5859613428280773,0.7159206510681586,True,True
main_ba_m2_qabase_N70_150,main_ba_m2,BA,2.0,BA attachment parameter m=2,100,12,BC-OSQA,qa_inhomo_all,qa_inhomo_all_raw_solutions.csv,BC-Offset(s=0.1),45.0,196.0,100054.0,402,853.0,49.0,8.163853964834193,11.329363159266016,False,0.0,,,,,,,10.0,100.0,OK,True,402.0,853.0,0.5287221570926143,5.65875235822795,0.9436834105567176,201.05250069079847,0.5001305987333298,0.0164126611957796,0.0773739742086752,0.1324736225087925,0.4101852985949501,True,True
main_ba_m2_qabase_N70_150,main_ba_m2,BA,2.0,BA attachment parameter m=2,100,12,DC-OSQA,qa_inhomo_all,qa_inhomo_all_raw_solutions.csv,DC-Offset(s=0.1),45.0,196.0,100054.0,625,898.0,76.0,9.06336810373566,12.277066666666668,False,0.0,,,,,,,10.0,100.0,OK,True,625.0,898.0,0.3040089086859688,6.282248047481312,0.9758450448672626,434.4849137931035,0.6951758620689655,0.010022271714922,0.0378619153674833,0.0657015590200445,0.2506120267260578,True,True
main_ba_m2_qabase_N70_150,main_ba_m2,BA,2.0,BA attachment parameter m=2,100,12,QA-Base,qa_base_ba_main,qa_base_ba_main_raw_solutions.csv,QA-Base,45.0,196.0,,72,201.0,8.0,5.338779220523415,8.541471048513301,False,0.0,,,,,,,10.0,100.0,OK,True,72.0,201.0,0.6417910447761195,3.7005597643378274,0.8652907805646576,22.942078364565592,0.3186399772856332,0.1393034825870646,0.36318407960199,0.527363184079602,0.5198313985627419,True,True
main_ba_m2_qabase_N70_150,main_ba_m2,BA,2.0,BA attachment parameter m=2,100,13,BC-OSQA,qa_inhomo_all,qa_inhomo_all_raw_solutions.csv,BC-Offset(s=0.1),40.0,196.0,100055.0,24,923.0,1.0,3.706868335916264,4.985507246376812,False,0.0,,,,,,,10.0,100.0,OK,True,24.0,923.0,0.9739978331527628,2.5694053357472946,0.8084838938886023,9.988029779002286,0.4161679074584286,0.1841820151679306,0.6338028169014085,0.875406283856988,0.5931292885518238,True,True
main_ba_m2_qabase_N70_150,main_ba_m2,BA,2.0,BA attachment parameter m=2,100,13,DC-OSQA,qa_inhomo_all,qa_inhomo_all_raw_solutions.csv,DC-Offset(s=0.1),40.0,196.0,100055.0,24,959.0,1.0,3.998711995005654,4.985507246376812,False,0.0,,,,,,,10.0,100.0,OK,True,24.0,959.0,0.9749739311783108,2.771695945209403,0.8721362485247605,12.45893222428438,0.5191221760118492,0.140771637122002,0.5537017726798749,0.794577685088634,0.4951772679874868,True,True
main_ba_m2_qabase_N70_150,main_ba_m2,BA,2.0,BA attachment parameter m=2,100,13,QA-Base,qa_base_ba_main,qa_base_ba_main_raw_solutions.csv,QA-Base,40.0,196.0,,19,689.0,1.0,2.8544444012242645,5.19298245614035,False,0.0,,,,,,,10.0,100.0,OK,True,19.0,689.0,0.9724238026124818,1.9785500887737208,0.6719616547576887,4.436852189354642,0.2335185362818232,0.4165457184325108,0.8040638606676342,0.9462989840348331,0.7010923535253228,True,True
main_ba_m2_qabase_N70_150,main_ba_m2,BA,2.0,BA attachment parameter m=2,100,14,BC-OSQA,qa_inhomo_all,qa_inhomo_all_raw_solutions.csv,BC-Offset(s=0.1),43.0,196.0,100056.0,438,937.0,49.0,8.251849446583874,10.470162899804606,False,0.0,,,,,,,10.0,100.0,OK,True,438.0,937.0,0.5325506937033084,5.719746178304757,0.9404045238402552,196.19418994413408,0.4479319405117216,0.0245464247598719,0.0896478121664887,0.1472785485592316,0.4131299250010964,True,True
main_ba_m2_qabase_N70_150,main_ba_m2,BA,2.0,BA attachment parameter m=2,100,14,DC-OSQA,qa_inhomo_all,qa_inhomo_all_raw_solutions.csv,DC-Offset(s=0.1),43.0,196.0,100056.0,615,971.0,61.0,9.011319987396227,11.068901776965651,False,1.6260162601626018e-05,,,,,,,10.0,100.0,OK,True,615.0,971.0,0.3666323377960865,6.246171042387175,0.9726780526629648,411.1822939380724,0.6685890958342641,0.0113285272914521,0.0442842430484037,0.0710607621009268,0.2830105582209272,True,True
main_ba_m2_qabase_N70_150,main_ba_m2,BA,2.0,BA attachment parameter m=2,100,14,QA-Base,qa_base_ba_main,qa_base_ba_main_raw_solutions.csv,QA-Base,43.0,196.0,,196,808.0,20.0,6.252076966570192,9.13113553113553,False,0.0,,,,,,,10.0,100.0,OK,True,196.0,808.0,0.7574257425742574,4.333609522021902,0.8210525541432039,29.83021109384995,0.1521949545604589,0.1299504950495049,0.3254950495049505,0.4393564356435643,0.6265280864821177,True,True
main_ba_m2_qabase_N70_150,main_ba_m2,BA,2.0,BA attachment parameter m=2,100,15,BC-OSQA,qa_inhomo_all,qa_inhomo_all_raw_solutions.csv,BC-Offset(s=0.1),40.0,196.0,100057.0,462,876.0,54.0,8.309603175313928,12.29459766553042,False,0.0,,,,,,,10.0,100.0,OK,True,462.0,876.0,0.4726027397260274,5.75977801254082,0.938752684518562,190.2270699058007,0.4117469045580101,0.0285388127853881,0.0970319634703196,0.1518264840182648,0.3942556682282709,True,True
main_ba_m2_qabase_N70_150,main_ba_m2,BA,2.0,BA attachment parameter m=2,100,15,DC-OSQA,qa_inhomo_all,qa_inhomo_all_raw_solutions.csv,DC-Offset(s=0.1),40.0,196.0,100057.0,576,954.0,64.0,8.79267919910033,12.629118357487926,False,0.0,,,,,,,10.0,100.0,OK,True,576.0,954.0,0.3962264150943396,6.094620796424472,0.958860535687844,300.96428571428567,0.5225074404761904,0.0178197064989517,0.0681341719077568,0.1058700209643605,0.3249548683904029,True,True
main_ba_m2_qabase_N70_150,main_ba_m2,BA,2.0,BA attachment parameter m=2,100,15,QA-Base,qa_base_ba_main,qa_base_ba_main_raw_solutions.csv,QA-Base,40.0,196.0,,125,881.0,15.0,5.033908078518315,8.992774193548387,False,0.0,,,,,,,10.0,100.0,OK,True,125.0,881.0,0.8581157775255391,3.489239191822901,0.722662068304705,13.289290300487982,0.1063143224039038,0.2179341657207718,0.5039727582292849,0.6401816118047673,0.7390692395005676,True,True
main_ba_m2_qabase_N70_150,main_ba_m2,BA,2.0,BA attachment parameter m=2,100,16,BC-OSQA,qa_inhomo_all,qa_inhomo_all_raw_solutions.csv,BC-Offset(s=0.1),45.0,196.0,100058.0,512,776.0,64.0,8.690763567780749,11.976730675146774,False,0.0,,,,,,,10.0,100.0,OK,True,512.0,776.0,0.3402061855670103,6.02397826392032,0.9656403964200836,301.9939819458375,0.5898319959879639,0.0141752577319587,0.0631443298969072,0.1056701030927835,0.2863190641108246,True,True
main_ba_m2_qabase_N70_150,main_ba_m2,BA,2.0,BA attachment parameter m=2,100,16,DC-OSQA,qa_inhomo_all,qa_inhomo_all_raw_solutions.csv,DC-Offset(s=0.1),45.0,196.0,100058.0,652,854.0,89.0,9.17043913147721,12.586374902226872,False,0.0,,,,,,,10.0,100.0,OK,True,652.0,854.0,0.2365339578454333,6.356464028480023,0.9809290611714732,480.4453227931489,0.7368793294373449,0.0081967213114754,0.0362997658079625,0.0644028103044496,0.2040200571830863,True,True
main_ba_m2_qabase_N70_150,main_ba_m2,BA,2.0,BA attachment parameter m=2,100,16,QA-Base,qa_base_ba_main,qa_base_ba_main_raw_solutions.csv,QA-Base,45.0,196.0,,217,625.0,19.0,6.816888445117988,9.654548557774364,False,0.0,,,,,,,10.0,100.0,OK,True,217.0,625.0,0.6528,4.725107005925202,0.878289434800397,52.56694926658592,0.2422440058368014,0.0864,0.2336,0.3392,0.5301972350230413,True,True
main_ba_m2_qabase_N70_150,main_ba_m2,BA,2.0,BA attachment parameter m=2,100,17,BC-OSQA,qa_inhomo_all,qa_inhomo_all_raw_solutions.csv,BC-Offset(s=0.1),39.0,196.0,100059.0,24,919.0,1.0,3.5140261872988323,4.985507246376812,False,0.0,,,,,,,10.0,100.0,OK,True,24.0,919.0,0.9738846572361264,2.43573734414,0.7664241935994286,8.128516568656703,0.338688190360696,0.2023939064200217,0.7149075081610446,0.8715995647442872,0.6347932535364527,True,True
main_ba_m2_qabase_N70_150,main_ba_m2,BA,2.0,BA attachment parameter m=2,100,17,DC-OSQA,qa_inhomo_all,qa_inhomo_all_raw_solutions.csv,DC-Offset(s=0.1),39.0,196.0,100059.0,24,949.0,1.0,4.140067170190341,4.985507246376812,False,0.0,,,,,,,10.0,100.0,OK,True,24.0,949.0,0.9747102212855636,2.8696758863462266,0.9029664189269077,13.913408209612385,0.5797253420671827,0.1454162276080084,0.5015806111696522,0.7281348788198103,0.4312873199859501,True,True
main_ba_m2_qabase_N70_150,main_ba_m2,BA,2.0,BA attachment parameter m=2,100,17,QA-Base,qa_base_ba_main,qa_base_ba_main_raw_solutions.csv,QA-Base,39.0,196.0,,24,804.0,1.0,4.011745920285556,4.985507246376812,False,0.0,,,,,,,10.0,100.0,OK,True,24.0,804.0,0.9701492537313432,2.780730373768796,0.8749790035697257,13.227797331587134,0.5511582221494639,0.1467661691542288,0.5049751243781094,0.7798507462686567,0.4867330016583746,True,True
main_ba_m2_qabase_N70_150,main_ba_m2,BA,2.0,BA attachment parameter m=2,100,18,BC-OSQA,qa_inhomo_all,qa_inhomo_all_raw_solutions.csv,BC-Offset(s=0.1),40.0,196.0,100060.0,149,696.0,10.0,6.612010215660491,8.308724832214768,False,0.0,,,,,,,10.0,100.0,OK,True,149.0,696.0,0.7859195402298851,4.583096238818626,0.9158963663085676,71.17484572436086,0.4776835283514152,0.035919540229885,0.1580459770114942,0.2686781609195402,0.4961428681632336,True,True
main_ba_m2_qabase_N70_150,main_ba_m2,BA,2.0,BA attachment parameter m=2,100,18,DC-OSQA,qa_inhomo_all,qa_inhomo_all_raw_solutions.csv,DC-Offset(s=0.1),40.0,196.0,100060.0,151,673.0,12.0,6.767192643983471,8.336247240618103,False,0.0,,,,,,,10.0,100.0,OK,True,151.0,673.0,0.7756315007429421,4.690660501483145,0.9349011125639896,83.61251615285214,0.5537252725354446,0.0312035661218424,0.1396731054977711,0.2303120356612184,0.4411796542121369,True,True
main_ba_m2_qabase_N70_150,main_ba_m2,BA,2.0,BA attachment parameter m=2,100,18,QA-Base,qa_base_ba_main,qa_base_ba_main_raw_solutions.csv,QA-Base,40.0,196.0,,51,937.0,4.0,3.783189304923362,6.801568627450981,False,0.0,,,,,,,10.0,100.0,OK,True,51.0,937.0,0.9455709711846318,2.622307000232168,0.6669438691296173,8.215683338791932,0.1610918301723908,0.2540021344717182,0.6819637139807898,0.8591248665955176,0.7790403247745203,True,True
main_ba_m2_qabase_N70_150,main_ba_m2,BA,2.0,BA attachment parameter m=2,100,19,BC-OSQA,qa_inhomo_all,qa_inhomo_all_raw_solutions.csv,BC-Offset(s=0.1),43.0,196.0,100061.0,399,605.0,53.0,8.289675529490799,14.69195602070503,False,0.0015538847117794,,,,,,,10.0,100.0,OK,True,399.0,605.0,0.3404958677685951,5.74596522102332,0.959425987420581,215.43555032371984,0.5399387226158392,0.0214876033057851,0.0826446280991735,0.140495867768595,0.2941071687483172,True,True
main_ba_m2_qabase_N70_150,main_ba_m2,BA,2.0,BA attachment parameter m=2,100,19,DC-OSQA,qa_inhomo_all,qa_inhomo_all_raw_solutions.csv,DC-Offset(s=0.1),43.0,196.0,100061.0,421,474.0,70.0,8.647120200347668,15.120506730007918,False,0.0040023752969121,,,,,,,10.0,100.0,OK,True,421.0,474.0,0.1118143459915611,5.993726986833936,0.9919065334276412,371.9801324503312,0.8835632599770338,0.0084388185654008,0.0358649789029535,0.0632911392405063,0.1022079236697837,True,True
main_ba_m2_qabase_N70_150,main_ba_m2,BA,2.0,BA attachment parameter m=2,100,19,QA-Base,qa_base_ba_main,qa_base_ba_main_raw_solutions.csv,QA-Base,43.0,196.0,,257,805.0,27.0,7.159515358496956,11.756079766536969,False,0.0003891050583657,,,,,,,10.0,100.0,OK,True,257.0,805.0,0.6807453416149069,4.962597884917791,0.894310658025785,82.35163299021477,0.3204343696117306,0.0484472049689441,0.1677018633540372,0.262111801242236,0.5362882760954153,True,True
main_ba_m2_qabase_N70_150,main_ba_m2,BA,2.0,BA attachment parameter m=2,120,0,BC-OSQA,qa_inhomo_all,qa_inhomo_all_raw_solutions.csv,BC-Offset(s=0.1),52.0,236.0,120042.0,592,813.0,44.0,9.03789926604875,11.328520144509993,False,0.0,,,,,,,12.0,120.0,OK,True,592.0,813.0,0.2718327183271832,6.264594394446492,0.981371956318226,451.7901572112098,0.7631590493432598,0.006150061500615,0.030750307503075,0.056580565805658,0.220710332103321,True,True
main_ba_m2_qabase_N70_150,main_ba_m2,BA,2.0,BA attachment parameter m=2,120,0,DC-OSQA,qa_inhomo_all,qa_inhomo_all_raw_solutions.csv,DC-Offset(s=0.1),52.0,236.0,120042.0,693,841.0,55.0,9.3355190615803,11.935156686601772,False,0.0,,,,,,,12.0,120.0,OK,True,693.0,841.0,0.1759809750297265,6.470888716598013,0.9892767220757928,586.9551867219917,0.8469771814170155,0.0059453032104637,0.0237812128418549,0.0416171224732461,0.150336385770393,True,True
main_ba_m2_qabase_N70_150,main_ba_m2,BA,2.0,BA attachment parameter m=2,120,0,QA-Base,qa_base_ba_main,qa_base_ba_main_raw_solutions.csv,QA-Base,52.0,236.0,,372,725.0,27.0,8.006178975347938,10.703909804944498,False,0.0,,,,,,,12.0,120.0,OK,True,372.0,725.0,0.4868965517241379,5.549460383820733,0.9375840352018308,157.51423434222357,0.4234253611350095,0.0289655172413793,0.1144827586206896,0.1751724137931034,0.3980830552465701,True,True
main_ba_m2_qabase_N70_150,main_ba_m2,BA,2.0,BA attachment parameter m=2,120,1,BC-OSQA,qa_inhomo_all,qa_inhomo_all_raw_solutions.csv,BC-Offset(s=0.1),57.0,236.0,120043.0,554,745.0,71.0,8.882061241872604,15.58645001664697,False,0.0,,,,,,,12.0,120.0,OK,True,554.0,745.0,0.2563758389261745,6.156575707364761,0.9745789468304632,362.0515329419439,0.6535226226388879,0.0174496644295302,0.0510067114093959,0.0859060402684563,0.2255154701620914,True,True
main_ba_m2_qabase_N70_150,main_ba_m2,BA,2.0,BA attachment parameter m=2,120,1,DC-OSQA,qa_inhomo_all,qa_inhomo_all_raw_solutions.csv,DC-Offset(s=0.1),57.0,236.0,120043.0,727,779.0,116.0,9.46186680563429,16.942072974335073,False,0.0,,,,,,,12.0,120.0,OK,True,727.0,779.0,0.0667522464698331,6.5584662991591465,0.9953770650684548,669.0639470782801,0.9203080427486658,0.0064184852374839,0.0231065468549422,0.0359435173299101,0.0632807906302477,True,True
main_ba_m2_qabase_N70_150,main_ba_m2,BA,2.0,BA attachment parameter m=2,120,1,QA-Base,qa_base_ba_main,qa_base_ba_main_raw_solutions.csv,QA-Base,57.0,236.0,,228,348.0,32.0,7.415137485306721,16.46680578097226,False,0.0,,,,,,,12.0,120.0,OK,True,228.0,348.0,0.3448275862068966,5.139781641404717,0.9466668716013412,108.12857142857143,0.474248120300752,0.0459770114942528,0.1408045977011494,0.2155172413793103,0.3075720911474089,True,True
main_ba_m2_qabase_N70_150,main_ba_m2,BA,2.0,BA attachment parameter m=2,120,2,BC-OSQA,qa_inhomo_all,qa_inhomo_all_raw_solutions.csv,BC-Offset(s=0.1),52.0,236.0,120044.0,84,279.0,5.0,5.831071544745754,7.091222030981068,False,0.0,,,,,,,12.0,120.0,OK,True,84.0,279.0,0.6989247311827957,4.041790800883844,0.9121999361244124,41.51520000000001,0.4942285714285715,0.057347670250896,0.2437275985663082,0.3942652329749104,0.4717101894521249,True,True
main_ba_m2_qabase_N70_150,main_ba_m2,BA,2.0,BA attachment parameter m=2,120,2,DC-OSQA,qa_inhomo_all,qa_inhomo_all_raw_solutions.csv,DC-Offset(s=0.1),52.0,236.0,120044.0,99,357.0,4.0,6.16884973902073,7.400535971964544,False,0.0,,,,,,,12.0,120.0,OK,True,99.0,357.0,0.7226890756302521,4.275920803900174,0.9305352076453312,55.58177060619276,0.5614320263251793,0.0532212885154061,0.1792717086834734,0.2969187675070028,0.4359562006620829,True,True
main_ba_m2_qabase_N70_150,main_ba_m2,BA,2.0,BA attachment parameter m=2,120,2,QA-Base,qa_base_ba_main,qa_base_ba_main_raw_solutions.csv,QA-Base,52.0,236.0,,40,349.0,2.0,3.621903220738837,6.358974358974358,False,0.0,,,,,,,12.0,120.0,OK,True,40.0,349.0,0.8853868194842407,2.5105120057161097,0.680562224096621,6.75583781685063,0.1688959454212657,0.3008595988538682,0.6905444126074498,0.8510028653295129,0.7386103151862464,True,True
main_ba_m2_qabase_N70_150,main_ba_m2,BA,2.0,BA attachment parameter m=2,120,3,BC-OSQA,qa_inhomo_all,qa_inhomo_all_raw_solutions.csv,BC-Offset(s=0.1),47.0,236.0,120045.0,259,755.0,17.0,7.0580202285557965,11.850228966508038,False,0.0,,,,,,,12.0,120.0,OK,True,259.0,755.0,0.656953642384106,4.892246821758511,0.8804027706882537,63.72554499720515,0.2460445752787843,0.0596026490066225,0.2158940397350993,0.3205298013245033,0.5360402976297016,True,True
main_ba_m2_qabase_N70_150,main_ba_m2,BA,2.0,BA attachment parameter m=2,120,3,DC-OSQA,qa_inhomo_all,qa_inhomo_all_raw_solutions.csv,DC-Offset(s=0.1),47.0,236.0,120045.0,387,789.0,25.0,8.195857375496384,11.850905731614253,False,0.0,,,,,,,12.0,120.0,OK,True,387.0,789.0,0.5095057034220533,5.680935432096753,0.9534290898636952,217.43660495983235,0.5618516924026675,0.0164765525982256,0.0697084917617237,0.1204055766793409,0.3782893336346338,True,True
main_ba_m2_qabase_N70_150,main_ba_m2,BA,2.0,BA attachment parameter m=2,120,3,QA-Base,qa_base_ba_main,qa_base_ba_main_raw_solutions.csv,QA-Base,47.0,236.0,,164,842.0,8.0,5.992186396345957,11.766272632051471,False,0.0,,,,,,,12.0,120.0,OK,True,164.0,842.0,0.8052256532066508,4.15346710601686,0.8144266452462542,30.21239239751129,0.1842219048628737,0.1104513064133016,0.332541567695962,0.4643705463182898,0.6554660796014136,True,True
main_ba_m2_qabase_N70_150,main_ba_m2,BA,2.0,BA attachment parameter m=2,120,4,BC-OSQA,qa_inhomo_all,qa_inhomo_all_raw_solutions.csv,BC-Offset(s=0.1),52.0,236.0,120046.0,37,38.0,6.0,5.19529593449622,11.71771771771772,False,0.0,,,,,,,12.0,120.0,OK,True,37.0,38.0,0.0263157894736841,3.6011047291706,0.9972823576411796,36.1,0.9756756756756756,0.0526315789473684,0.1578947368421052,0.2894736842105263,0.0256045519203413,True,True
main_ba_m2_qabase_N70_150,main_ba_m2,BA,2.0,BA attachment parameter m=2,120,4,DC-OSQA,qa_inhomo_all,qa_inhomo_all_raw_solutions.csv,DC-Offset(s=0.1),52.0,236.0,120046.0,421,552.0,32.0,8.567568795460058,12.890758963918108,False,0.0,,,,,,,12.0,120.0,OK,True,421.0,552.0,0.2373188405797102,5.938586154826506,0.982781234319599,330.48156182212574,0.784991833306712,0.0108695652173913,0.0398550724637681,0.0742753623188405,0.1977090433405623,True,True
main_ba_m2_qabase_N70_150,main_ba_m2,BA,2.0,BA attachment parameter m=2,120,4,QA-Base,qa_base_ba_main,qa_base_ba_main_raw_solutions.csv,QA-Base,52.0,236.0,,0,0.0,0.0,0.0,0.0,True,,,,,,,,,,ZERO_YIELD,True,0.0,0.0,0.0,0.0,0.0,0.0,0.0,0.0,0.0,0.0,0.0,True,True
main_ba_m2_qabase_N70_150,main_ba_m2,BA,2.0,BA attachment parameter m=2,120,5,BC-OSQA,qa_inhomo_all,qa_inhomo_all_raw_solutions.csv,BC-Offset(s=0.1),50.0,236.0,120047.0,22,22.0,7.0,4.459431618637296,12.190476190476192,False,0.0,,,,,,,12.0,120.0,OK,True,22.0,22.0,0.0,3.091042453358315,0.9999999999999996,22.0,1.0,0.0454545454545454,0.2272727272727272,0.4545454545454545,0.0,True,True
main_ba_m2_qabase_N70_150,main_ba_m2,BA,2.0,BA attachment parameter m=2,120,5,DC-OSQA,qa_inhomo_all,qa_inhomo_all_raw_solutions.csv,DC-Offset(s=0.1),50.0,236.0,120047.0,245,262.0,30.0,7.879359917657299,12.145466711274675,False,0.0,,,,,,,12.0,120.0,OK,True,245.0,262.0,0.0648854961832061,5.4615561115411975,0.99278308752579,217.2278481012657,0.88664427796435,0.0190839694656488,0.0610687022900763,0.099236641221374,0.0627823648543386,True,True
main_ba_m2_qabase_N70_150,main_ba_m2,BA,2.0,BA attachment parameter m=2,120,5,QA-Base,qa_base_ba_main,qa_base_ba_main_raw_solutions.csv,QA-Base,50.0,236.0,,55,87.0,7.0,5.419112486496264,9.952861952861952,False,0.0,,,,,,,12.0,120.0,OK,True,55.0,87.0,0.367816091954023,3.756242541152081,0.9373422092763112,29.00000000000001,0.5272727272727274,0.1264367816091954,0.2873563218390804,0.425287356321839,0.3072100313479624,True,True
main_ba_m2_qabase_N70_150,main_ba_m2,BA,2.0,BA attachment parameter m=2,120,6,BC-OSQA,qa_inhomo_all,qa_inhomo_all_raw_solutions.csv,BC-Offset(s=0.1),52.0,236.0,120048.0,910,959.0,181.0,9.79509040698808,17.28631632394008,False,9.157509157509122e-06,,,,,,,12.0,120.0,OK,True,910.0,959.0,0.0510948905109489,6.789439298933557,0.996476774672966,852.345690454124,0.9366436158836527,0.0041710114702815,0.0177267987486965,0.0302398331595411,0.0492007471152413,True,True
main_ba_m2_qabase_N70_150,main_ba_m2,BA,2.0,BA attachment parameter m=2,120,6,DC-OSQA,qa_inhomo_all,qa_inhomo_all_raw_solutions.csv,DC-Offset(s=0.1),52.0,236.0,120048.0,944,961.0,226.0,9.872227285183572,18.493740676168738,False,8.827683615819174e-06,,,,,,,12.0,120.0,OK,True,944.0,961.0,0.0176899063475546,6.842906508571954,0.9989460548027236,926.2998996990972,0.9812498937490436,0.0031217481789802,0.0114464099895941,0.0218522372528616,0.017406612109561,True,True
main_ba_m2_qabase_N70_150,main_ba_m2,BA,2.0,BA attachment parameter m=2,120,6,QA-Base,qa_base_ba_main,qa_base_ba_main_raw_solutions.csv,QA-Base,52.0,236.0,,687,788.0,98.0,9.323418174110625,17.147338536163065,False,0.0,,,,,,,12.0,120.0,OK,True,687.0,788.0,0.1281725888324872,6.462501020566133,0.9893095992133528,561.4321880650994,0.817222981171906,0.0114213197969543,0.031725888324873,0.0545685279187817,0.1181994842580482,True,True
main_ba_m2_qabase_N70_150,main_ba_m2,BA,2.0,BA attachment parameter m=2,120,7,BC-OSQA,qa_inhomo_all,qa_inhomo_all_raw_solutions.csv,BC-Offset(s=0.1),54.0,236.0,120049.0,493,506.0,96.0,8.931610175484822,16.81152393674038,False,0.0,,,,,,,12.0,120.0,OK,True,493.0,506.0,0.025691699604743,6.190920410997823,0.9984535523171212,481.2706766917295,0.9762082691515812,0.0039525691699604,0.0197628458498023,0.0395256916996047,0.0250142308524881,True,True
main_ba_m2_qabase_N70_150,main_ba_m2,BA,2.0,BA attachment parameter m=2,120,7,DC-OSQA,qa_inhomo_all,qa_inhomo_all_raw_solutions.csv,DC-Offset(s=0.1),54.0,236.0,120049.0,806,811.0,175.0,9.651227647990392,18.158149284095984,False,0.0,,,,,,,12.0,120.0,OK,True,806.0,811.0,0.0061652281134402,6.689721233146734,0.9996469695462884,801.1218026796591,0.99394764600454,0.002466091245376,0.0123304562268803,0.0184956843403205,0.0061269822814709,True,True
main_ba_m2_qabase_N70_150,main_ba_m2,BA,2.0,BA attachment parameter m=2,120,7,QA-Base,qa_base_ba_main,qa_base_ba_main_raw_solutions.csv,QA-Base,54.0,236.0,,49,56.0,9.0,5.5573549220576055,10.034013605442178,False,0.0,,,,,,,12.0,120.0,OK,True,49.0,56.0,0.125,3.852064895595163,0.9897848822735306,44.8,0.9142857142857144,0.0357142857142857,0.1785714285714285,0.3035714285714285,0.1071428571428572,True,True
main_ba_m2_qabase_N70_150,main_ba_m2,BA,2.0,BA attachment parameter m=2,120,8,BC-OSQA,qa_inhomo_all,qa_inhomo_all_raw_solutions.csv,BC-Offset(s=0.1),52.0,236.0,120050.0,539,804.0,47.0,8.798383019341706,12.195819050837638,False,0.0,,,,,,,12.0,120.0,OK,True,539.0,804.0,0.3296019900497512,6.098574383343203,0.969610519679164,340.218947368421,0.6312039839859388,0.0161691542288557,0.0497512437810945,0.0845771144278607,0.2751179169089617,True,True
main_ba_m2_qabase_N70_150,main_ba_m2,BA,2.0,BA attachment parameter m=2,120,8,DC-OSQA,qa_inhomo_all,qa_inhomo_all_raw_solutions.csv,DC-Offset(s=0.1),52.0,236.0,120050.0,658,796.0,65.0,9.236903432723643,13.232941481265584,False,0.0,,,,,,,12.0,120.0,OK,True,658.0,796.0,0.1733668341708543,6.402533571496875,0.9866437628730056,528.0133333333333,0.802451874366768,0.007537688442211,0.028894472361809,0.0540201005025125,0.1544615173130088,True,True
main_ba_m2_qabase_N70_150,main_ba_m2,BA,2.0,BA attachment parameter m=2,120,8,QA-Base,qa_base_ba_main,qa_base_ba_main_raw_solutions.csv,QA-Base,52.0,236.0,,262,834.0,16.0,6.834963186894225,11.137199847913193,False,0.0,,,,,,,12.0,120.0,OK,True,262.0,834.0,0.6858513189448441,4.73763546222675,0.8508157961539107,47.04152576761801,0.1795478082733511,0.0911270983213429,0.2637889688249401,0.3669064748201439,0.5803540373807825,True,True
main_ba_m2_qabase_N70_150,main_ba_m2,BA,2.0,BA attachment parameter m=2,120,9,BC-OSQA,qa_inhomo_all,qa_inhomo_all_raw_solutions.csv,BC-Offset(s=0.1),49.0,236.0,120051.0,632,914.0,58.0,9.014972155863523,12.415304218740596,False,0.0,,,,,,,12.0,120.0,OK,True,632.0,914.0,0.3085339168490153,6.248702532663212,0.9689579322502664,379.7254545454546,0.6008314154200232,0.0153172866520787,0.0503282275711159,0.0853391684901531,0.2659093427139019,True,True
main_ba_m2_qabase_N70_150,main_ba_m2,BA,2.0,BA attachment parameter m=2,120,9,DC-OSQA,qa_inhomo_all,qa_inhomo_all_raw_solutions.csv,DC-Offset(s=0.1),49.0,236.0,120051.0,757,941.0,68.0,9.43430793346182,12.957343454040943,False,0.0,,,,,,,12.0,120.0,OK,True,757.0,941.0,0.1955366631243358,6.539363944613385,0.9864241397878752,603.5998636673484,0.7973578119780032,0.0085015940488841,0.0276301806588735,0.0488841657810839,0.1683837846412583,True,True
main_ba_m2_qabase_N70_150,main_ba_m2,BA,2.0,BA attachment parameter m=2,120,9,QA-Base,qa_base_ba_main,qa_base_ba_main_raw_solutions.csv,QA-Base,49.0,236.0,,390,871.0,29.0,8.010475766604857,10.722879177377893,False,0.0,,,,,,,12.0,120.0,OK,True,390.0,871.0,0.5522388059701493,5.552438692565924,0.9306574134617188,157.8857440166493,0.4048352410683316,0.0275545350172215,0.1102181400688863,0.1699196326061997,0.438120050634402,True,True
main_ba_m2_qabase_N70_150,main_ba_m2,BA,2.0,BA attachment parameter m=2,120,10,BC-OSQA,qa_inhomo_all,qa_inhomo_all_raw_solutions.csv,BC-Offset(s=0.1),56.0,236.0,120052.0,599,631.0,101.0,9.19648088197702,15.306424866416156,False,1.3912075681691654e-05,,,,,,,12.0,120.0,OK,True,599.0,631.0,0.0507131537242472,6.37451479441581,0.9967559100779,567.9900142653354,0.9482304077885398,0.0047543581616481,0.0206022187004754,0.0364500792393026,0.0484642920451148,True,True
main_ba_m2_qabase_N70_150,main_ba_m2,BA,2.0,BA attachment parameter m=2,120,10,DC-OSQA,qa_inhomo_all,qa_inhomo_all_raw_solutions.csv,DC-Offset(s=0.1),56.0,236.0,120052.0,845,857.0,180.0,9.715146726667928,17.121130710339607,False,0.0,,,,,,,12.0,120.0,OK,True,845.0,857.0,0.014002333722287,6.734026562316053,0.999212078972348,833.6538024971626,0.9865725473339202,0.0023337222870478,0.0116686114352392,0.0233372228704784,0.0138034840126215,True,True
main_ba_m2_qabase_N70_150,main_ba_m2,BA,2.0,BA attachment parameter m=2,120,10,QA-Base,qa_base_ba_main,qa_base_ba_main_raw_solutions.csv,QA-Base,56.0,236.0,,15,15.0,5.0,3.906890595608518,12.266666666666667,False,0.0,,,,,,,12.0,120.0,OK,True,15.0,15.0,0.0,2.70805020110221,1.0,15.0,1.0,0.0666666666666666,0.3333333333333333,0.6666666666666666,0.0,True,True
main_ba_m2_qabase_N70_150,main_ba_m2,BA,2.0,BA attachment parameter m=2,120,11,BC-OSQA,qa_inhomo_all,qa_inhomo_all_raw_solutions.csv,BC-Offset(s=0.1),53.0,236.0,120053.0,658,912.0,79.0,9.105313127412645,13.450750163078927,False,0.0047787909490036,,,,,,,12.0,120.0,OK,True,658.0,912.0,0.2785087719298246,6.311322122381532,0.9725878885277468,423.06408952187184,0.6429545433463097,0.0098684210526315,0.0416666666666666,0.0745614035087719,0.2442675838532502,True,True
main_ba_m2_qabase_N70_150,main_ba_m2,BA,2.0,BA attachment parameter m=2,120,11,DC-OSQA,qa_inhomo_all,qa_inhomo_all_raw_solutions.csv,DC-Offset(s=0.1),53.0,236.0,120053.0,740,903.0,95.0,9.38213978441999,14.042102183374167,False,0.00321509009009,,,,,,,12.0,120.0,OK,True,740.0,903.0,0.1805094130675526,6.50320373919001,0.9843420728973492,550.580013504389,0.7440270452762012,0.0099667774086378,0.0398671096345514,0.0642303433001107,0.1615291371105323,True,True
main_ba_m2_qabase_N70_150,main_ba_m2,BA,2.0,BA attachment parameter m=2,120,11,QA-Base,qa_base_ba_main,qa_base_ba_main_raw_solutions.csv,QA-Base,53.0,236.0,,619,934.0,69.0,8.917835930582086,15.761448416121633,False,0.0,,,,,,,12.0,120.0,OK,True,619.0,934.0,0.3372591006423983,6.181372831979151,0.9616166148127812,324.53720238095235,0.5242927340564658,0.019271948608137,0.0631691648822269,0.1059957173447537,0.2923621368996758,True,True
main_ba_m2_qabase_N70_150,main_ba_m2,BA,2.0,BA attachment parameter m=2,120,12,BC-OSQA,qa_inhomo_all,qa_inhomo_all_raw_solutions.csv,BC-Offset(s=0.1),48.0,236.0,120054.0,789,957.0,65.0,9.511855845388473,12.268810355587297,False,0.0,,,,,,,12.0,120.0,OK,True,789.0,957.0,0.1755485893416928,6.593116061123654,0.988359619271992,653.7109207708779,0.8285309515473738,0.0052246603970741,0.0219435736677116,0.0417972831765935,0.1533043824901698,True,True
main_ba_m2_qabase_N70_150,main_ba_m2,BA,2.0,BA attachment parameter m=2,120,12,DC-OSQA,qa_inhomo_all,qa_inhomo_all_raw_solutions.csv,DC-Offset(s=0.1),48.0,236.0,120054.0,874,967.0,86.0,9.711287061363972,12.90481021019604,False,0.0,,,,,,,12.0,120.0,OK,True,874.0,967.0,0.0961737331954498,6.731351246192716,0.9938389732369328,785.129303106633,0.8983172804423718,0.0041365046535677,0.0196483971044467,0.0351602895553257,0.0888129793482401,True,True
main_ba_m2_qabase_N70_150,main_ba_m2,BA,2.0,BA attachment parameter m=2,120,12,QA-Base,qa_base_ba_main,qa_base_ba_main_raw_solutions.csv,QA-Base,48.0,236.0,,226,974.0,15.0,6.325872609443955,9.02694198623402,False,0.0,,,,,,,12.0,120.0,OK,True,226.0,974.0,0.7679671457905544,4.384760763817463,0.8089166040632746,30.717394119932656,0.1359176730970471,0.1324435318275154,0.3172484599589322,0.4353182751540041,0.6532772437353493,True,True
main_ba_m2_qabase_N70_150,main_ba_m2,BA,2.0,BA attachment parameter m=2,120,13,BC-OSQA,qa_inhomo_all,qa_inhomo_all_raw_solutions.csv,BC-Offset(s=0.1),58.0,236.0,120055.0,0,0.0,0.0,0.0,0.0,True,,,,,,,,,,ZERO_YIELD,True,0.0,0.0,0.0,0.0,0.0,0.0,0.0,0.0,0.0,0.0,0.0,True,True
main_ba_m2_qabase_N70_150,main_ba_m2,BA,2.0,BA attachment parameter m=2,120,13,DC-OSQA,qa_inhomo_all,qa_inhomo_all_raw_solutions.csv,DC-Offset(s=0.1),58.0,236.0,120055.0,5,5.0,3.0,2.321928094887362,13.999999999999998,False,0.0,,,,,,,12.0,120.0,OK,True,5.0,5.0,0.0,1.6094379124341005,1.0000000000000002,4.999999999999999,0.9999999999999998,0.2,1.0,1.0,0.0,True,True
main_ba_m2_qabase_N70_150,main_ba_m2,BA,2.0,BA attachment parameter m=2,120,13,QA-Base,qa_base_ba_main,qa_base_ba_main_raw_solutions.csv,QA-Base,58.0,236.0,,3,3.0,2.0,1.584962500721156,10.666666666666668,False,0.0,,,,,,,12.0,120.0,OK,True,3.0,3.0,0.0,1.0986122886681096,0.9999999999999998,3.0,1.0,0.3333333333333333,1.0,1.0,0.0,True,True
main_ba_m2_qabase_N70_150,main_ba_m2,BA,2.0,BA attachment parameter m=2,120,14,BC-OSQA,qa_inhomo_all,qa_inhomo_all_raw_solutions.csv,BC-Offset(s=0.1),53.0,236.0,120056.0,265,321.0,29.0,7.915484306442442,13.048370497427102,False,0.0083333333333333,,,,,,,12.0,120.0,OK,True,265.0,321.0,0.1744548286604361,5.4865956297770735,0.9833084756585528,208.1636363636364,0.7855231560891938,0.0186915887850467,0.0685358255451713,0.1152647975077881,0.1569858343619585,True,True
main_ba_m2_qabase_N70_150,main_ba_m2,BA,2.0,BA attachment parameter m=2,120,14,DC-OSQA,qa_inhomo_all,qa_inhomo_all_raw_solutions.csv,DC-Offset(s=0.1),53.0,236.0,120056.0,295,332.0,40.0,8.14077907739868,12.785702755678544,False,0.0083333333333333,,,,,,,12.0,120.0,OK,True,295.0,332.0,0.1114457831325301,5.642758065060288,0.99222481398126,264.96153846153845,0.8981747066492829,0.0090361445783132,0.0451807228915662,0.0753012048192771,0.1007351439656933,True,True
main_ba_m2_qabase_N70_150,main_ba_m2,BA,2.0,BA attachment parameter m=2,120,14,QA-Base,qa_base_ba_main,qa_base_ba_main_raw_solutions.csv,QA-Base,53.0,236.0,,185,323.0,16.0,7.053769534265658,10.506933019976495,False,0.0069369369369369,,,,,,,12.0,120.0,OK,True,185.0,323.0,0.4272445820433437,4.88930046499588,0.9365837557485888,89.70679277730008,0.4849015825800004,0.0340557275541795,0.1455108359133126,0.2476780185758514,0.3665969374947704,True,True
main_ba_m2_qabase_N70_150,main_ba_m2,BA,2.0,BA attachment parameter m=2,120,15,BC-OSQA,qa_inhomo_all,qa_inhomo_all_raw_solutions.csv,BC-Offset(s=0.1),51.0,236.0,120057.0,22,22.0,5.0,4.459431618637296,13.705627705627704,False,0.0,,,,,,,12.0,120.0,OK,True,22.0,22.0,0.0,3.091042453358315,0.9999999999999996,22.0,1.0,0.0454545454545454,0.2272727272727272,0.4545454545454545,0.0,True,True
main_ba_m2_qabase_N70_150,main_ba_m2,BA,2.0,BA attachment parameter m=2,120,15,DC-OSQA,qa_inhomo_all,qa_inhomo_all_raw_solutions.csv,DC-Offset(s=0.1),51.0,236.0,120057.0,198,234.0,24.0,7.52735334135054,14.174332154027583,False,0.0,,,,,,,12.0,120.0,OK,True,198.0,234.0,0.1538461538461538,5.2175637456356085,0.9866301598144448,163.940119760479,0.8279804028307021,0.0256410256410256,0.0726495726495726,0.1153846153846153,0.1353708020374688,True,True
main_ba_m2_qabase_N70_150,main_ba_m2,BA,2.0,BA attachment parameter m=2,120,15,QA-Base,qa_base_ba_main,qa_base_ba_main_raw_solutions.csv,QA-Base,51.0,236.0,,12,12.0,5.0,3.584962500721156,12.303030303030305,False,0.0,,,,,,,12.0,120.0,OK,True,12.0,12.0,0.0,2.484906649788001,1.0000000000000002,11.999999999999998,1.0,0.0833333333333333,0.4166666666666667,0.8333333333333334,0.0,True,True
main_ba_m2_qabase_N70_150,main_ba_m2,BA,2.0,BA attachment parameter m=2,120,16,BC-OSQA,qa_inhomo_all,qa_inhomo_all_raw_solutions.csv,BC-Offset(s=0.1),54.0,236.0,120058.0,851,855.0,321.0,9.730423884627063,22.744430773484485,False,0.0,,,,,,,12.0,120.0,OK,True,851.0,855.0,0.0046783625730993,6.7446158812824,0.999733747767444,847.0741599073001,0.9953867919004702,0.0023391812865497,0.0105263157894736,0.0163742690058479,0.0046563726197592,True,True
main_ba_m2_qabase_N70_150,main_ba_m2,BA,2.0,BA attachment parameter m=2,120,16,DC-OSQA,qa_inhomo_all,qa_inhomo_all_raw_solutions.csv,DC-Offset(s=0.1),54.0,236.0,120058.0,865,865.0,354.0,9.756556322524087,23.489199314921848,False,0.0,,,,,,,12.0,120.0,OK,True,865.0,865.0,0.0,6.76272950693188,1.0000000000000002,864.9999999999998,0.9999999999999998,0.0011560693641618,0.0057803468208092,0.0115606936416184,0.0,True,True
main_ba_m2_qabase_N70_150,main_ba_m2,BA,2.0,BA attachment parameter m=2,120,16,QA-Base,qa_base_ba_main,qa_base_ba_main_raw_solutions.csv,QA-Base,54.0,236.0,,556,593.0,119.0,9.064528972479806,20.68231252835569,False,0.0,,,,,,,12.0,120.0,OK,True,556.0,593.0,0.0623946037099494,6.283052700378317,0.9940330681150624,497.3818953323905,0.8945717541949469,0.0084317032040472,0.0337268128161888,0.057335581787521,0.0604929210088927,True,True
main_ba_m2_qabase_N70_150,main_ba_m2,BA,2.0,BA attachment parameter m=2,120,17,BC-OSQA,qa_inhomo_all,qa_inhomo_all_raw_solutions.csv,BC-Offset(s=0.1),54.0,236.0,120059.0,558,808.0,50.0,8.849853106663543,12.297561823130826,False,0.0,,,,,,,12.0,120.0,OK,True,558.0,808.0,0.3094059405940594,6.134250729253507,0.9699403158077192,343.25131440588854,0.6151457247417357,0.0148514851485148,0.0569306930693069,0.0915841584158415,0.262753291458178,True,True
main_ba_m2_qabase_N70_150,main_ba_m2,BA,2.0,BA attachment parameter m=2,120,17,DC-OSQA,qa_inhomo_all,qa_inhomo_all_raw_solutions.csv,DC-Offset(s=0.1),54.0,236.0,120059.0,750,881.0,76.0,9.45186349326886,13.520954161103692,False,0.0,,,,,,,12.0,120.0,OK,True,750.0,881.0,0.1486946651532349,6.551532531396786,0.989646538188436,628.4704453441296,0.8379605937921728,0.0079455164585698,0.0261066969353007,0.0442678774120317,0.1327688233068482,True,True
main_ba_m2_qabase_N70_150,main_ba_m2,BA,2.0,BA attachment parameter m=2,120,17,QA-Base,qa_base_ba_main,qa_base_ba_main_raw_solutions.csv,QA-Base,54.0,236.0,,307,605.0,26.0,7.562134657379286,10.270337016456963,False,0.0,,,,,,,12.0,120.0,OK,True,307.0,605.0,0.4925619834710744,5.241672316777099,0.9152805431199896,92.45390250063146,0.301152776875021,0.0628099173553719,0.1652892561983471,0.2446280991735537,0.4257678951193906,True,True
main_ba_m2_qabase_N70_150,main_ba_m2,BA,2.0,BA attachment parameter m=2,120,18,BC-OSQA,qa_inhomo_all,qa_inhomo_all_raw_solutions.csv,BC-Offset(s=0.1),51.0,236.0,120060.0,279,926.0,22.0,7.243073970761557,11.536577189861012,False,0.0,,,,,,,12.0,120.0,OK,True,279.0,926.0,0.6987041036717063,5.020516301420502,0.8915516758981954,88.67383660806617,0.3178273713550759,0.0453563714902807,0.1511879049676026,0.2473002159827214,0.551359762186767,True,True
main_ba_m2_qabase_N70_150,main_ba_m2,BA,2.0,BA attachment parameter m=2,120,18,DC-OSQA,qa_inhomo_all,qa_inhomo_all_raw_solutions.csv,DC-Offset(s=0.1),51.0,236.0,120060.0,377,951.0,28.0,7.876752066146668,12.113268243128848,False,0.0,,,,,,,12.0,120.0,OK,True,377.0,951.0,0.6035751840168244,5.459748486619287,0.9203511173428104,146.79451387761728,0.3893753683756426,0.0231335436382754,0.0998948475289169,0.1724500525762355,0.4782959163466072,True,True
main_ba_m2_qabase_N70_150,main_ba_m2,BA,2.0,BA attachment parameter m=2,120,18,QA-Base,qa_base_ba_main,qa_base_ba_main_raw_solutions.csv,QA-Base,51.0,236.0,,133,549.0,11.0,5.521689847784353,10.513556618819775,False,0.0,,,,,,,12.0,120.0,OK,True,133.0,549.0,0.7577413479052824,3.8273437499181977,0.7826320063389647,19.74975427560448,0.1484943930496577,0.1366120218579235,0.4408014571948998,0.5719489981785064,0.6539572976156236,True,True
main_ba_m2_qabase_N70_150,main_ba_m2,BA,2.0,BA attachment parameter m=2,120,19,BC-OSQA,qa_inhomo_all,qa_inhomo_all_raw_solutions.csv,BC-Offset(s=0.1),52.0,236.0,120061.0,879,951.0,123.0,9.732119393620662,13.986446598821916,False,0.0,,,,,,,12.0,120.0,OK,True,879.0,951.0,0.0757097791798107,6.745791118560928,0.9951327886011672,806.7805530776093,0.9178390819995556,0.0042060988433228,0.0178759200841219,0.0325972660357518,0.071156760921083,True,True
main_ba_m2_qabase_N70_150,main_ba_m2,BA,2.0,BA attachment parameter m=2,120,19,DC-OSQA,qa_inhomo_all,qa_inhomo_all_raw_solutions.csv,DC-Offset(s=0.1),52.0,236.0,120061.0,957,978.0,176.0,9.88997400106454,16.04982446015486,False,0.0,,,,,,,12.0,120.0,OK,True,957.0,978.0,0.0214723926380367,6.855207594649047,0.9987476627295864,935.8943248532288,0.9779460029814304,0.0030674846625766,0.0112474437627811,0.0214723926380368,0.0210439491167224,True,True
main_ba_m2_qabase_N70_150,main_ba_m2,BA,2.0,BA attachment parameter m=2,120,19,QA-Base,qa_base_ba_main,qa_base_ba_main_raw_solutions.csv,QA-Base,52.0,236.0,,660,937.0,63.0,9.085242396669706,12.039012277555532,False,0.0,,,,,,,12.0,120.0,OK,True,660.0,937.0,0.295624332977588,6.297410151955287,0.9699903749682456,390.729417000445,0.5920142681824924,0.0138740661686232,0.0565635005336179,0.0928495197438633,0.2550321787781766,True,True
main_ba_m2_qabase_N70_150,main_ba_m2,BA,2.0,BA attachment parameter m=2,150,0,BC-OSQA,qa_inhomo_all,qa_inhomo_all_raw_solutions.csv,BC-Offset(s=0.1),59.0,296.0,150042.0,693,723.0,67.0,9.414864285083896,14.264844981607991,False,0.0,,,,,,,15.0,150.0,OK,True,693.0,723.0,0.0414937759336099,6.525886634560429,0.9976848654368884,667.5977011494252,0.9633444461030668,0.0027662517289073,0.0138312586445366,0.0276625172890733,0.0396975085771766,True,True
main_ba_m2_qabase_N70_150,main_ba_m2,BA,2.0,BA attachment parameter m=2,150,0,DC-OSQA,qa_inhomo_all,qa_inhomo_all_raw_solutions.csv,DC-Offset(s=0.1),59.0,296.0,150042.0,767,786.0,77.0,9.570039446278964,14.75716654014658,False,0.0,,,,,,,15.0,150.0,OK,True,767.0,786.0,0.0241730279898219,6.633445860035724,0.9986389221985852,749.752427184466,0.9775129428741408,0.0025445292620865,0.0127226463104325,0.0254452926208651,0.0235742176484832,True,True
main_ba_m2_qabase_N70_150,main_ba_m2,BA,2.0,BA attachment parameter m=2,150,0,QA-Base,qa_base_ba_main,qa_base_ba_main_raw_solutions.csv,QA-Base,59.0,296.0,,605,863.0,38.0,8.8982911431616,12.411077664057798,False,0.0,,,,,,,15.0,150.0,OK,True,605.0,863.0,0.2989571263035921,6.167825417683995,0.9629360542090905,306.6154796212433,0.5068024456549476,0.0173812282734646,0.0776361529548088,0.1147161066048667,0.2656464571981269,True,True
main_ba_m2_qabase_N70_150,main_ba_m2,BA,2.0,BA attachment parameter m=2,150,1,BC-OSQA,qa_inhomo_all,qa_inhomo_all_raw_solutions.csv,BC-Offset(s=0.1),64.0,296.0,150043.0,6,6.0,2.0,2.584962500721156,12.266666666666666,False,0.0,,,,,,,15.0,150.0,OK,True,6.0,6.0,0.0,1.7917594692280547,1.0,5.999999999999999,1.0,0.1666666666666666,0.8333333333333334,1.0,0.0,True,True
main_ba_m2_qabase_N70_150,main_ba_m2,BA,2.0,BA attachment parameter m=2,150,1,DC-OSQA,qa_inhomo_all,qa_inhomo_all_raw_solutions.csv,DC-Offset(s=0.1),64.0,296.0,150043.0,6,6.0,3.0,2.584962500721156,15.2,False,0.0,,,,,,,15.0,150.0,OK,True,6.0,6.0,0.0,1.7917594692280547,1.0,5.999999999999999,1.0,0.1666666666666666,0.8333333333333334,1.0,0.0,True,True
main_ba_m2_qabase_N70_150,main_ba_m2,BA,2.0,BA attachment parameter m=2,150,1,QA-Base,qa_base_ba_main,qa_base_ba_main_raw_solutions.csv,QA-Base,64.0,296.0,,116,152.0,11.0,6.7025732174595,11.033883058470764,False,0.0,,,,,,,15.0,150.0,OK,True,116.0,152.0,0.2368421052631578,4.645869728178651,0.9773391355592136,90.25,0.7780172413793105,0.0328947368421052,0.1184210526315789,0.2105263157894736,0.1992967332123412,True,True
main_ba_m2_qabase_N70_150,main_ba_m2,BA,2.0,BA attachment parameter m=2,150,2,BC-OSQA,qa_inhomo_all,qa_inhomo_all_raw_solutions.csv,BC-Offset(s=0.1),60.0,296.0,150044.0,745,883.0,45.0,9.453480683655904,13.80474850256188,False,0.0,,,,,,,15.0,150.0,OK,True,745.0,883.0,0.1562853907134768,6.552653482353994,0.9908169956530296,645.9726594863298,0.8670773952836641,0.0045300113250283,0.0181200453001132,0.0351075877689694,0.1354442983422894,True,True
main_ba_m2_qabase_N70_150,main_ba_m2,BA,2.0,BA attachment parameter m=2,150,2,DC-OSQA,qa_inhomo_all,qa_inhomo_all_raw_solutions.csv,DC-Offset(s=0.1),60.0,296.0,150044.0,813,898.0,55.0,9.614537002205164,14.37568089966614,False,0.0,,,,,,,15.0,150.0,OK,True,813.0,898.0,0.0946547884187082,6.664289215467784,0.9945615047844406,743.9151291512915,0.9150247591036796,0.0033407572383073,0.0167037861915367,0.0311804008908685,0.0864460314981769,True,True
main_ba_m2_qabase_N70_150,main_ba_m2,BA,2.0,BA attachment parameter m=2,150,2,QA-Base,qa_base_ba_main,qa_base_ba_main_raw_solutions.csv,QA-Base,60.0,296.0,,408,758.0,22.0,8.215737648688751,12.16514910632558,False,0.0,,,,,,,15.0,150.0,OK,True,408.0,758.0,0.4617414248021108,5.694715387408802,0.9473402565862936,193.3257065948856,0.4738375161639352,0.0263852242744063,0.0923482849604221,0.1490765171503957,0.3713849655957371,True,True
main_ba_m2_qabase_N70_150,main_ba_m2,BA,2.0,BA attachment parameter m=2,150,3,BC-OSQA,qa_inhomo_all,qa_inhomo_all_raw_solutions.csv,BC-Offset(s=0.1),60.0,296.0,150045.0,326,830.0,15.0,7.675230364848898,10.084945729117509,False,0.0,,,,,,,15.0,150.0,OK,True,326.0,830.0,0.6072289156626506,5.320064287543094,0.9193292946014948,123.2379248658318,0.3780304443737172,0.0349397590361445,0.1265060240963855,0.2036144578313253,0.4739670337792889,True,True
main_ba_m2_qabase_N70_150,main_ba_m2,BA,2.0,BA attachment parameter m=2,150,3,DC-OSQA,qa_inhomo_all,qa_inhomo_all_raw_solutions.csv,DC-Offset(s=0.1),60.0,296.0,150045.0,460,857.0,19.0,8.449958738261852,10.625026049066967,False,0.0,,,,,,,15.0,150.0,OK,True,460.0,857.0,0.4632438739789964,5.857065075274076,0.9552844092973352,245.22504173622704,0.5330979168178849,0.0233372228704784,0.0676779463243874,0.1143523920653442,0.3583303739028967,True,True
main_ba_m2_qabase_N70_150,main_ba_m2,BA,2.0,BA attachment parameter m=2,150,3,QA-Base,qa_base_ba_main,qa_base_ba_main_raw_solutions.csv,QA-Base,60.0,296.0,,144,535.0,5.0,6.102297733946829,8.75951825951826,False,0.0,,,,,,,15.0,150.0,OK,True,144.0,535.0,0.7308411214953271,4.229790469222587,0.8510964525736715,35.21902300972068,0.2445765486786158,0.0915887850467289,0.2841121495327103,0.4299065420560747,0.5873701973001038,True,True
main_ba_m2_qabase_N70_150,main_ba_m2,BA,2.0,BA attachment parameter m=2,150,4,BC-OSQA,qa_inhomo_all,qa_inhomo_all_raw_solutions.csv,BC-Offset(s=0.1),61.0,296.0,150046.0,488,876.0,29.0,8.522545010985729,11.974888073518027,False,0.0,,,,,,,15.0,150.0,OK,True,488.0,876.0,0.4429223744292238,5.907378045559989,0.9542935469773266,261.5460122699387,0.5359549431761038,0.0159817351598173,0.0639269406392694,0.1095890410958904,0.3581480649749233,True,True
main_ba_m2_qabase_N70_150,main_ba_m2,BA,2.0,BA attachment parameter m=2,150,4,DC-OSQA,qa_inhomo_all,qa_inhomo_all_raw_solutions.csv,DC-Offset(s=0.1),61.0,296.0,150046.0,605,923.0,34.0,8.949887766483114,11.966723222593178,False,0.0,,,,,,,15.0,150.0,OK,True,605.0,923.0,0.3445287107258938,6.203589471665717,0.9685196261637928,374.8037835459745,0.6195103860264042,0.0108342361863488,0.0476706392199349,0.0866738894907909,0.2855367423869346,True,True
main_ba_m2_qabase_N70_150,main_ba_m2,BA,2.0,BA attachment parameter m=2,150,4,QA-Base,qa_base_ba_main,qa_base_ba_main_raw_solutions.csv,QA-Base,61.0,296.0,,106,196.0,6.0,6.210793345875375,9.256424079065589,False,0.0,,,,,,,15.0,150.0,OK,True,106.0,196.0,0.4591836734693877,4.3049938967339845,0.9231371547597468,45.30188679245284,0.4273762904948381,0.086734693877551,0.2551020408163265,0.3622448979591837,0.3804389680400462,True,True
main_ba_m2_qabase_N70_150,main_ba_m2,BA,2.0,BA attachment parameter m=2,150,5,BC-OSQA,qa_inhomo_all,qa_inhomo_all_raw_solutions.csv,BC-Offset(s=0.1),58.0,296.0,150047.0,641,761.0,45.0,9.222622761100055,13.717199687987522,False,1.0400416016640562e-05,,,,,,,15.0,150.0,OK,True,641.0,761.0,0.1576872536136662,6.392634964224485,0.989108127517382,538.7172093023255,0.8404324638101802,0.0065703022339027,0.0275952693823915,0.0486202365308804,0.1396430101619308,True,True
main_ba_m2_qabase_N70_150,main_ba_m2,BA,2.0,BA attachment parameter m=2,150,5,DC-OSQA,qa_inhomo_all,qa_inhomo_all_raw_solutions.csv,DC-Offset(s=0.1),58.0,296.0,150047.0,636,675.0,61.0,9.277596377107352,14.613985044322288,False,0.0,,,,,,,15.0,150.0,OK,True,636.0,675.0,0.0577777777777778,6.430739771165126,0.9962109930569912,597.1494102228047,0.9389141670169884,0.0044444444444444,0.0222222222222222,0.037037037037037,0.0550267877940835,True,True
main_ba_m2_qabase_N70_150,main_ba_m2,BA,2.0,BA attachment parameter m=2,150,5,QA-Base,qa_base_ba_main,qa_base_ba_main_raw_solutions.csv,QA-Base,58.0,296.0,,237,865.0,9.0,7.0493119832187086,9.45777014946721,False,0.0,,,,,,,15.0,150.0,OK,True,237.0,865.0,0.7260115606936417,4.886210726055484,0.8935912553882666,83.77841227186204,0.3534954104297976,0.0393063583815028,0.1468208092485549,0.2473988439306358,0.5535962537499086,True,True
main_ba_m2_qabase_N70_150,main_ba_m2,BA,2.0,BA attachment parameter m=2,150,6,BC-OSQA,qa_inhomo_all,qa_inhomo_all_raw_solutions.csv,BC-Offset(s=0.1),64.0,296.0,150048.0,721,733.0,142.0,9.48389737244191,21.04487594390508,False,0.0,,,,,,,15.0,150.0,OK,True,721.0,733.0,0.0163710777626193,6.573736724427986,0.9989511029684252,707.8906455862979,0.9818178163471538,0.0040927694406548,0.015006821282401,0.0286493860845839,0.0161402326993924,True,True
main_ba_m2_qabase_N70_150,main_ba_m2,BA,2.0,BA attachment parameter m=2,150,6,DC-OSQA,qa_inhomo_all,qa_inhomo_all_raw_solutions.csv,DC-Offset(s=0.1),64.0,296.0,150048.0,842,846.0,190.0,9.715057588344536,21.53366792727807,False,0.0,,,,,,,15.0,150.0,OK,True,842.0,846.0,0.0047281323877068,6.733964776338519,0.9997305081371468,838.0749414519906,0.9953384102755232,0.0023640661938534,0.0106382978723404,0.0165484633569739,0.0047056709511856,True,True
main_ba_m2_qabase_N70_150,main_ba_m2,BA,2.0,BA attachment parameter m=2,150,6,QA-Base,qa_base_ba_main,qa_base_ba_main_raw_solutions.csv,QA-Base,64.0,296.0,,427,786.0,27.0,8.052266839725815,12.332926520873876,False,0.0,,,,,,,15.0,150.0,OK,True,427.0,786.0,0.4567430025445292,5.581406057072289,0.9215131404524146,126.23539027380464,0.2956332324913458,0.0470737913486005,0.1424936386768447,0.2099236641221374,0.4029414043179529,True,True
main_ba_m2_qabase_N70_150,main_ba_m2,BA,2.0,BA attachment parameter m=2,150,7,BC-OSQA,qa_inhomo_all,qa_inhomo_all_raw_solutions.csv,BC-Offset(s=0.1),70.0,296.0,150049.0,498,498.0,213.0,8.96000193206808,28.484982182250125,False,0.0003212851405622,,,,,,,15.0,150.0,OK,True,498.0,498.0,0.0,6.210600077024651,0.9999999999999996,498.0000000000003,1.0000000000000009,0.002008032128514,0.0100401606425702,0.0200803212851405,0.0,True,True
main_ba_m2_qabase_N70_150,main_ba_m2,BA,2.0,BA attachment parameter m=2,150,7,DC-OSQA,qa_inhomo_all,qa_inhomo_all_raw_solutions.csv,DC-Offset(s=0.1),70.0,296.0,150049.0,694,694.0,302.0,9.43879185257826,28.330085540460185,False,9.606147934678098e-05,,,,,,,15.0,150.0,OK,True,694.0,694.0,0.0,6.542471960506804,1.0,694.0,1.0,0.0014409221902017,0.0072046109510086,0.0144092219020172,0.0,True,True
main_ba_m2_qabase_N70_150,main_ba_m2,BA,2.0,BA attachment parameter m=2,150,7,QA-Base,qa_base_ba_main,qa_base_ba_main_raw_solutions.csv,QA-Base,70.0,296.0,,66,66.0,24.0,6.044394119358453,20.75524475524475,False,0.0001010101010101,,,,,,,15.0,150.0,OK,True,66.0,66.0,0.0,4.189654742026424,0.9999999999999998,65.99999999999999,0.9999999999999998,0.0151515151515151,0.0757575757575757,0.1515151515151515,0.0,True,True
main_ba_m2_qabase_N70_150,main_ba_m2,BA,2.0,BA attachment parameter m=2,150,8,BC-OSQA,qa_inhomo_all,qa_inhomo_all_raw_solutions.csv,BC-Offset(s=0.1),67.0,296.0,150050.0,943,955.0,229.0,9.87422603287076,20.727343955799007,False,0.0,,,,,,,15.0,150.0,OK,True,943.0,955.0,0.0125654450261779,6.844291934895978,0.9993029199104722,931.5883554647596,0.9878985741938068,0.0020942408376963,0.0104712041884816,0.0209424083769633,0.012405545407605,True,True
main_ba_m2_qabase_N70_150,main_ba_m2,BA,2.0,BA attachment parameter m=2,150,8,DC-OSQA,qa_inhomo_all,qa_inhomo_all_raw_solutions.csv,DC-Offset(s=0.1),67.0,296.0,150050.0,954,955.0,342.0,9.897262682085415,25.156801538119712,False,0.0,,,,,,,15.0,150.0,OK,True,954.0,955.0,0.0010471204188481,6.860259723348667,0.9999411211336156,953.0041797283176,0.99895616323723,0.0020942408376963,0.006282722513089,0.0115183246073298,0.0010460228083462,True,True
main_ba_m2_qabase_N70_150,main_ba_m2,BA,2.0,BA attachment parameter m=2,150,8,QA-Base,qa_base_ba_main,qa_base_ba_main_raw_solutions.csv,QA-Base,67.0,296.0,,806,884.0,90.0,9.592021885753343,15.349222446557649,False,0.0,,,,,,,15.0,150.0,OK,True,806.0,884.0,0.088235294117647,6.648682925979221,0.9935146034931192,716.932110091743,0.8894939331163064,0.005656108597285,0.0226244343891402,0.0395927601809954,0.0830507618202844,True,True
main_ba_m2_qabase_N70_150,main_ba_m2,BA,2.0,BA attachment parameter m=2,150,9,BC-OSQA,qa_inhomo_all,qa_inhomo_all_raw_solutions.csv,BC-Offset(s=0.1),65.0,296.0,150051.0,455,464.0,73.0,8.819187891679295,16.771225250520406,False,0.0,,,,,,,15.0,150.0,OK,True,455.0,464.0,0.0193965517241379,6.112995221945913,0.9988068885374056,446.6721991701246,0.9816971410332408,0.0043103448275862,0.021551724137931,0.0409482758620689,0.019012883668056,True,True
main_ba_m2_qabase_N70_150,main_ba_m2,BA,2.0,BA attachment parameter m=2,150,9,DC-OSQA,qa_inhomo_all,qa_inhomo_all_raw_solutions.csv,DC-Offset(s=0.1),65.0,296.0,150051.0,458,462.0,80.0,8.83443302410004,16.601511662350816,False,1.4556040756913977e-05,,,,,,,15.0,150.0,OK,True,458.0,462.0,0.0086580086580086,6.123562342500614,0.9994602722019682,454.1361702127661,0.9915636904208864,0.0043290043290043,0.0194805194805194,0.0303030303030303,0.0085823928618689,True,True
main_ba_m2_qabase_N70_150,main_ba_m2,BA,2.0,BA attachment parameter m=2,150,9,QA-Base,qa_base_ba_main,qa_base_ba_main_raw_solutions.csv,QA-Base,65.0,296.0,,7,7.0,2.0,2.807354922057604,9.714285714285714,False,0.0,,,,,,,15.0,150.0,OK,True,7.0,7.0,0.0,1.945910149055313,1.0,7.0,1.0,0.1428571428571428,0.7142857142857143,1.0,0.0,True,True
main_ba_m2_qabase_N70_150,main_ba_m2,BA,2.0,BA attachment parameter m=2,150,10,BC-OSQA,qa_inhomo_all,qa_inhomo_all_raw_solutions.csv,BC-Offset(s=0.1),61.0,296.0,150052.0,455,538.0,35.0,8.719560294652439,15.282993658324056,False,0.0,,,,,,,15.0,150.0,OK,True,455.0,538.0,0.1542750929368029,6.043938633960783,0.9875236806705292,375.9012987012988,0.826156700442415,0.0074349442379182,0.037174721189591,0.0669144981412639,0.1395155030842763,True,True
main_ba_m2_qabase_N70_150,main_ba_m2,BA,2.0,BA attachment parameter m=2,150,10,DC-OSQA,qa_inhomo_all,qa_inhomo_all_raw_solutions.csv,DC-Offset(s=0.1),61.0,296.0,150052.0,638,689.0,58.0,9.274129893304451,14.9672888687667,False,0.0,,,,,,,15.0,150.0,OK,True,638.0,689.0,0.0740203193033381,6.428336987690685,0.9953546416527184,591.1843088418431,0.9266211737332964,0.0058055152394775,0.0217706821480406,0.0362844702467343,0.0691679823104676,True,True
main_ba_m2_qabase_N70_150,main_ba_m2,BA,2.0,BA attachment parameter m=2,150,10,QA-Base,qa_base_ba_main,qa_base_ba_main_raw_solutions.csv,QA-Base,61.0,296.0,,167,242.0,12.0,7.096413574146501,13.110742370680326,False,0.0,,,,,,,15.0,150.0,OK,True,167.0,242.0,0.3099173553719008,4.918859061006971,0.9610912481123632,102.7438596491228,0.6152326925097173,0.0330578512396694,0.1363636363636363,0.2148760330578512,0.2676300291978029,True,True
main_ba_m2_qabase_N70_150,main_ba_m2,BA,2.0,BA attachment parameter m=2,150,11,BC-OSQA,qa_inhomo_all,qa_inhomo_all_raw_solutions.csv,BC-Offset(s=0.1),62.0,296.0,150053.0,621,729.0,50.0,9.162758821903267,13.16924835073503,False,0.0,,,,,,,15.0,150.0,OK,True,621.0,729.0,0.1481481481481481,6.351140443553015,0.9875312532726342,494.36372093023255,0.796076845298281,0.0109739368998628,0.0397805212620027,0.0603566529492455,0.1345676803421183,True,True
main_ba_m2_qabase_N70_150,main_ba_m2,BA,2.0,BA attachment parameter m=2,150,11,DC-OSQA,qa_inhomo_all,qa_inhomo_all_raw_solutions.csv,DC-Offset(s=0.1),62.0,296.0,150053.0,834,878.0,93.0,9.674410216085867,14.885844985476204,False,0.0,,,,,,,15.0,150.0,OK,True,834.0,878.0,0.0501138952164008,6.70579016486025,0.99696067081298,791.4620123203289,0.9489952186095072,0.0034168564920273,0.0159453302961275,0.0273348519362186,0.0479070046923737,True,True
main_ba_m2_qabase_N70_150,main_ba_m2,BA,2.0,BA attachment parameter m=2,150,11,QA-Base,qa_base_ba_main,qa_base_ba_main_raw_solutions.csv,QA-Base,62.0,296.0,,18,18.0,4.0,4.169925001442312,10.797385620915032,False,0.0,,,,,,,15.0,150.0,OK,True,18.0,18.0,0.0,2.890371757896165,1.0000000000000002,18.0,1.0,0.0555555555555555,0.2777777777777778,0.5555555555555556,0.0,True,True
main_ba_m2_qabase_N70_150,main_ba_m2,BA,2.0,BA attachment parameter m=2,150,12,BC-OSQA,qa_inhomo_all,qa_inhomo_all_raw_solutions.csv,BC-Offset(s=0.1),69.0,296.0,150054.0,25,26.0,9.0,4.623516641218015,14.693333333333332,False,0.0,,,,,,,15.0,150.0,OK,True,25.0,26.0,0.0384615384615384,3.204777524132256,0.995620116617415,24.142857142857142,0.9657142857142856,0.0769230769230769,0.2307692307692307,0.4230769230769231,0.0369230769230768,True,True
main_ba_m2_qabase_N70_150,main_ba_m2,BA,2.0,BA attachment parameter m=2,150,12,DC-OSQA,qa_inhomo_all,qa_inhomo_all_raw_solutions.csv,DC-Offset(s=0.1),69.0,296.0,150054.0,67,67.0,20.0,6.066089190457772,16.499321573948443,False,0.0,,,,,,,15.0,150.0,OK,True,67.0,67.0,0.0,4.204692619390965,0.9999999999999998,67.0,1.0,0.0149253731343283,0.0746268656716417,0.1492537313432835,0.0,True,True
main_ba_m2_qabase_N70_150,main_ba_m2,BA,2.0,BA attachment parameter m=2,150,12,QA-Base,qa_base_ba_main,qa_base_ba_main_raw_solutions.csv,QA-Base,69.0,296.0,,9,9.0,2.0,3.169925001442312,9.555555555555555,False,0.0,,,,,,,15.0,150.0,OK,True,9.0,9.0,0.0,2.19722457733622,1.0,9.0,1.0,0.1111111111111111,0.5555555555555556,1.0,0.0,True,True
main_ba_m2_qabase_N70_150,main_ba_m2,BA,2.0,BA attachment parameter m=2,150,13,BC-OSQA,qa_inhomo_all,qa_inhomo_all_raw_solutions.csv,BC-Offset(s=0.1),66.0,296.0,150055.0,169,199.0,13.0,7.2998429622087055,10.719357565511412,False,0.0,,,,,,,15.0,150.0,OK,True,169.0,199.0,0.1507537688442211,5.059865567785323,0.9863480448582695,141.9390681003584,0.8398761426056711,0.0201005025125628,0.0854271356783919,0.1407035175879397,0.1351729059498676,True,True
main_ba_m2_qabase_N70_150,main_ba_m2,BA,2.0,BA attachment parameter m=2,150,13,DC-OSQA,qa_inhomo_all,qa_inhomo_all_raw_solutions.csv,DC-Offset(s=0.1),66.0,296.0,150055.0,420,468.0,36.0,8.652897972765421,12.752017274690305,False,0.0,,,,,,,15.0,150.0,OK,True,420.0,468.0,0.1025641025641025,5.997731833495215,0.9929600853250764,377.62758620689647,0.8991133004926106,0.0085470085470085,0.0341880341880341,0.0576923076923076,0.0938237688237688,True,True
main_ba_m2_qabase_N70_150,main_ba_m2,BA,2.0,BA attachment parameter m=2,150,13,QA-Base,qa_base_ba_main,qa_base_ba_main_raw_solutions.csv,QA-Base,66.0,296.0,,5,5.0,1.0,2.321928094887362,10.8,False,0.0,,,,,,,15.0,150.0,OK,True,5.0,5.0,0.0,1.6094379124341005,1.0000000000000002,4.999999999999999,0.9999999999999998,0.2,1.0,1.0,0.0,True,True
main_ba_m2_qabase_N70_150,main_ba_m2,BA,2.0,BA attachment parameter m=2,150,14,BC-OSQA,qa_inhomo_all,qa_inhomo_all_raw_solutions.csv,BC-Offset(s=0.1),60.0,296.0,150056.0,702,766.0,58.0,9.403603845609933,13.525057813217588,False,0.0,,,,,,,15.0,150.0,OK,True,702.0,766.0,0.08355091383812,6.518081492687186,0.99452971076627,640.5633187772925,0.9124833600816132,0.0052219321148825,0.02088772845953,0.0391644908616188,0.0779756458607634,True,True
main_ba_m2_qabase_N70_150,main_ba_m2,BA,2.0,BA attachment parameter m=2,150,14,DC-OSQA,qa_inhomo_all,qa_inhomo_all_raw_solutions.csv,DC-Offset(s=0.1),60.0,296.0,150056.0,808,890.0,59.0,9.606903730897786,13.55808090102691,False,0.0,,,,,,,15.0,150.0,OK,True,808.0,890.0,0.0921348314606741,6.65899823498262,0.9946876549612071,740.2803738317755,0.9161885814749696,0.0044943820224719,0.0179775280898876,0.0303370786516853,0.084261319390366,True,True
main_ba_m2_qabase_N70_150,main_ba_m2,BA,2.0,BA attachment parameter m=2,150,14,QA-Base,qa_base_ba_main,qa_base_ba_main_raw_solutions.csv,QA-Base,60.0,296.0,,403,667.0,26.0,8.290207621890112,11.33602459168179,False,0.0,,,,,,,15.0,150.0,OK,True,403.0,667.0,0.3958020989505247,5.746334039369701,0.9578921163828726,223.0020050125313,0.5533548511477203,0.0194902548725637,0.0779610194902548,0.1259370314842578,0.3258470020572841,True,True
main_ba_m2_qabase_N70_150,main_ba_m2,BA,2.0,BA attachment parameter m=2,150,15,BC-OSQA,qa_inhomo_all,qa_inhomo_all_raw_solutions.csv,BC-Offset(s=0.1),66.0,296.0,150057.0,42,42.0,14.0,5.39231742277876,16.954703832752614,False,0.0,,,,,,,15.0,150.0,OK,True,42.0,42.0,0.0,3.737669618283368,1.0,42.00000000000001,1.0000000000000002,0.0238095238095238,0.119047619047619,0.238095238095238,0.0,True,True
main_ba_m2_qabase_N70_150,main_ba_m2,BA,2.0,BA attachment parameter m=2,150,15,DC-OSQA,qa_inhomo_all,qa_inhomo_all_raw_solutions.csv,DC-Offset(s=0.1),66.0,296.0,150057.0,148,148.0,45.0,7.209453365628952,18.425997425997423,False,0.0,,,,,,,15.0,150.0,OK,True,148.0,148.0,0.0,4.997212273764116,1.0000000000000002,147.99999999999994,0.9999999999999996,0.0067567567567567,0.0337837837837837,0.0675675675675675,0.0,True,True
main_ba_m2_qabase_N70_150,main_ba_m2,BA,2.0,BA attachment parameter m=2,150,15,QA-Base,qa_base_ba_main,qa_base_ba_main_raw_solutions.csv,QA-Base,66.0,296.0,,0,0.0,0.0,0.0,0.0,True,,,,,,,,,,ZERO_YIELD,True,0.0,0.0,0.0,0.0,0.0,0.0,0.0,0.0,0.0,0.0,0.0,True,True
main_ba_m2_qabase_N70_150,main_ba_m2,BA,2.0,BA attachment parameter m=2,150,16,BC-OSQA,qa_inhomo_all,qa_inhomo_all_raw_solutions.csv,BC-Offset(s=0.1),67.0,296.0,150058.0,717,747.0,123.0,9.45322504187494,18.12831241283124,False,0.0011761971176197,,,,,,,15.0,150.0,OK,True,717.0,747.0,0.0401606425702811,6.552476284974286,0.9965628448746116,668.2742514970062,0.9320421917670936,0.0080321285140562,0.0240963855421686,0.037483266398929,0.0392047035188638,True,True
main_ba_m2_qabase_N70_150,main_ba_m2,BA,2.0,BA attachment parameter m=2,150,16,DC-OSQA,qa_inhomo_all,qa_inhomo_all_raw_solutions.csv,DC-Offset(s=0.1),67.0,296.0,150058.0,731,731.0,185.0,9.513727595952435,21.342997957386206,False,0.0008390332877336,,,,,,,15.0,150.0,OK,True,731.0,731.0,0.0,6.594413459749779,1.0000000000000002,730.9999999999998,0.9999999999999996,0.0013679890560875,0.0068399452804377,0.0136798905608755,0.0,True,True
main_ba_m2_qabase_N70_150,main_ba_m2,BA,2.0,BA attachment parameter m=2,150,16,QA-Base,qa_base_ba_main,qa_base_ba_main_raw_solutions.csv,QA-Base,67.0,296.0,,280,429.0,20.0,7.665772495296131,12.953251408090118,False,0.0007142857142857,,,,,,,15.0,150.0,OK,True,280.0,429.0,0.3473193473193473,5.313508591928489,0.94298260736123,117.0,0.4178571428571429,0.0489510489510489,0.1351981351981352,0.2214452214452214,0.3118797868797869,True,True
main_ba_m2_qabase_N70_150,main_ba_m2,BA,2.0,BA attachment parameter m=2,150,17,BC-OSQA,qa_inhomo_all,qa_inhomo_all_raw_solutions.csv,BC-Offset(s=0.1),65.0,296.0,150059.0,169,308.0,13.0,6.870524389134068,12.413074105381796,False,0.0140433925049309,,,,,,,15.0,150.0,OK,True,169.0,308.0,0.4512987012987013,4.762284609296619,0.9283389154337393,75.05063291139243,0.4440865852745114,0.0487012987012987,0.172077922077922,0.2792207792207792,0.3869591946515023,True,True
main_ba_m2_qabase_N70_150,main_ba_m2,BA,2.0,BA attachment parameter m=2,150,17,DC-OSQA,qa_inhomo_all,qa_inhomo_all_raw_solutions.csv,DC-Offset(s=0.1),65.0,296.0,150059.0,254,351.0,19.0,7.779266020921401,12.943014534250413,False,0.0141994750656167,,,,,,,15.0,150.0,OK,True,254.0,351.0,0.2763532763532763,5.392176309227453,0.973785588734335,179.85547445255474,0.7080924191045462,0.017094017094017,0.0797720797720797,0.1367521367521367,0.2332256544854969,True,True
main_ba_m2_qabase_N70_150,main_ba_m2,BA,2.0,BA attachment parameter m=2,150,17,QA-Base,qa_base_ba_main,qa_base_ba_main_raw_solutions.csv,QA-Base,65.0,296.0,,211,365.0,15.0,7.249719202253862,12.674520424283456,False,0.0134281200631911,,,,,,,15.0,150.0,OK,True,211.0,365.0,0.4219178082191781,5.025122424893563,0.9389491088078812,90.3220338983051,0.4280665113663748,0.0630136986301369,0.1452054794520547,0.2328767123287671,0.3538271765240537,True,True
main_ba_m2_qabase_N70_150,main_ba_m2,BA,2.0,BA attachment parameter m=2,150,18,BC-OSQA,qa_inhomo_all,qa_inhomo_all_raw_solutions.csv,BC-Offset(s=0.1),68.0,296.0,150060.0,122,224.0,11.0,6.417162076882054,11.802465790543286,False,0.0014207650273223,,,,,,,15.0,150.0,OK,True,122.0,224.0,0.4553571428571429,4.448037800786998,0.9258988999774408,56.50450450450453,0.4631516762664305,0.0580357142857142,0.2098214285714285,0.3348214285714285,0.3864168618266981,True,True
main_ba_m2_qabase_N70_150,main_ba_m2,BA,2.0,BA attachment parameter m=2,150,18,DC-OSQA,qa_inhomo_all,qa_inhomo_all_raw_solutions.csv,DC-Offset(s=0.1),68.0,296.0,150060.0,246,334.0,20.0,7.705134056092508,13.85279575244732,False,0.0024390243902438,,,,,,,15.0,150.0,OK,True,246.0,334.0,0.2634730538922155,5.340791946816937,0.9701126829435244,158.0113314447592,0.6423224855478017,0.029940119760479,0.0958083832335329,0.155688622754491,0.2292001363127402,True,True
main_ba_m2_qabase_N70_150,main_ba_m2,BA,2.0,BA attachment parameter m=2,150,18,QA-Base,qa_base_ba_main,qa_base_ba_main_raw_solutions.csv,QA-Base,68.0,296.0,,116,772.0,4.0,5.118876680777616,8.13223388305847,False,0.0,,,,,,,15.0,150.0,OK,True,116.0,772.0,0.8497409326424871,3.5481349389150547,0.7464116165405608,13.541397800599832,0.1167361879362054,0.2253886010362694,0.4883419689119171,0.5971502590673575,0.7082588886903698,True,True
main_ba_m2_qabase_N70_150,main_ba_m2,BA,2.0,BA attachment parameter m=2,150,19,BC-OSQA,qa_inhomo_all,qa_inhomo_all_raw_solutions.csv,BC-Offset(s=0.1),62.0,296.0,150061.0,955,960.0,216.0,9.89647392894185,19.779678839167136,False,0.0,,,,,,,15.0,150.0,OK,True,955.0,960.0,0.0052083333333333,6.859713001331047,0.9997087695692044,950.103092783505,0.9948723484644032,0.0020833333333333,0.0104166666666666,0.015625,0.0051810645724257,True,True
main_ba_m2_qabase_N70_150,main_ba_m2,BA,2.0,BA attachment parameter m=2,150,19,DC-OSQA,qa_inhomo_all,qa_inhomo_all_raw_solutions.csv,DC-Offset(s=0.1),62.0,296.0,150061.0,968,969.0,286.0,9.918288871926949,22.55877426136897,False,0.0,,,,,,,15.0,150.0,OK,True,968.0,969.0,0.001031991744066,6.874833967555247,0.9999420936317094,967.0041194644696,0.9989711977938736,0.002063983488132,0.0061919504643962,0.0113519091847265,0.0010309256368925,True,True
main_ba_m2_qabase_N70_150,main_ba_m2,BA,2.0,BA attachment parameter m=2,150,19,QA-Base,qa_base_ba_main,qa_base_ba_main_raw_solutions.csv,QA-Base,62.0,296.0,,572,742.0,49.0,8.896307938175813,12.433958335884782,False,0.0,,,,,,,15.0,150.0,OK,True,572.0,742.0,0.22911051212938,6.166450764739627,0.9712262990480748,327.7166666666666,0.5729312354312353,0.0202156334231805,0.0714285714285714,0.1078167115902965,0.209879742898611,True,True
